osm_type,osm_id,name,industrial,landuse,power,man_made,operator,centroid_lat,centroid_lon,geometry_wkt
way,114488438,,,,,storage_tank,,8.756450892307694,78.18922212307692,POINT(78.18922212307692 8.756450892307694)
way,114488440,,,,,storage_tank,,8.756394461538461,78.18751803846155,POINT(78.18751803846155 8.756394461538461)
way,114488441,,,,,storage_tank,,8.756863769230769,78.18752915384616,POINT(78.18752915384616 8.756863769230769)
way,114488443,,,,,storage_tank,,8.755907492307692,78.19015113846154,POINT(78.19015113846154 8.755907492307692)
way,114488444,,,,,storage_tank,,8.7575979,78.18784293846154,POINT(78.18784293846154 8.7575979)
way,114488445,,,,,storage_tank,,8.756619500000001,78.1879678923077,POINT(78.1879678923077 8.756619500000001)
way,114488446,,,,,storage_tank,,8.756030992307693,78.18953035384615,POINT(78.18953035384615 8.756030992307693)
way,114488447,,,,,storage_tank,,8.7560996,78.18916379999999,POINT(78.18916379999999 8.7560996)
way,114488448,,,,,storage_tank,,8.7561063,78.18792345384615,POINT(78.18792345384615 8.7561063)
way,114488449,,,,,storage_tank,,8.755863592307692,78.1904398923077,POINT(78.1904398923077 8.755863592307692)
way,114488450,,,,,storage_tank,,8.7572288,78.18769020769231,POINT(78.18769020769231 8.7572288)
way,114488451,,,,,storage_tank,,8.755973384615384,78.18985123846154,POINT(78.18985123846154 8.755973384615384)
way,385432377,,,industrial,plant,,,8.817415617857142,78.09120400357142,POINT(78.09120400357142 8.817415617857142)
way,385432381,Thoothukudi IBPGL,,,plant,,,8.865685500000001,78.10809494,POINT(78.10809494 8.865685500000001)
way,385432388,Thoothukudi IBTPL power station,,industrial,plant,,,8.885599657142857,78.05457392857144,POINT(78.05457392857144 8.885599657142857)
way,398674681,,,industrial,,,,8.697998685714285,78.12891737619047,POINT(78.12891737619047 8.697998685714285)
way,548907979,DCW,chemical,industrial,,,,8.594491345945945,78.09483057567567,POINT(78.09483057567567 8.594491345945945)
way,577750403,,port,industrial,,,,8.749493615384615,78.21125003076924,POINT(78.21125003076924 8.749493615384615)
way,592629497,,,,,storage_tank,,8.761859136,78.1787971,POINT(78.1787971 8.761859136)
way,592629498,,,,,storage_tank,,8.762260756,78.178866836,POINT(78.178866836 8.762260756)
way,592629507,,,,,storage_tank,,8.759660516,78.172276164,POINT(78.172276164 8.759660516)
way,592629508,,,,,storage_tank,,8.759698968,78.172060252,POINT(78.172060252 8.759698968)
way,592629549,,,,,storage_tank,,8.756964011764707,78.19118912352941,POINT(78.19118912352941 8.756964011764707)
way,592629550,,,,,storage_tank,,8.75676385882353,78.1911623,POINT(78.1911623 8.75676385882353)
way,592629551,,,,,storage_tank,,8.756535929411765,78.19112427058823,POINT(78.19112427058823 8.756535929411765)
way,592629552,,,,,storage_tank,,8.756726758823529,78.18871346470588,POINT(78.18871346470588 8.756726758823529)
way,592629553,,,,,storage_tank,,8.75644575882353,78.18866248235294,POINT(78.18866248235294 8.75644575882353)
way,592629554,,,,,storage_tank,,8.756171529411764,78.18861676470588,POINT(78.18861676470588 8.756171529411764)
way,592629580,,,,,storage_tank,,8.766746730434782,78.19653003913044,POINT(78.19653003913044 8.766746730434782)
way,592629581,,,,,storage_tank,,8.767272926086957,78.19664269130435,POINT(78.19664269130435 8.767272926086957)
way,592629582,,,,,storage_tank,,8.767134891304348,78.19768962608696,POINT(78.19768962608696 8.767134891304348)
way,592629583,,,,,storage_tank,,8.766493791304347,78.19739832608695,POINT(78.19739832608695 8.766493791304347)
way,657801518,,,industrial,,,,8.822152152380951,78.07674102380953,POINT(78.07674102380953 8.822152152380951)
way,661590301,,,industrial,,,,8.807658228571428,78.0981431142857,POINT(78.0981431142857 8.807658228571428)
way,661590303,,,industrial,,,,8.81764389,78.07430246,POINT(78.07430246 8.81764389)
way,661590305,,,industrial,,,,8.815875578571427,78.07669652142856,POINT(78.07669652142856 8.815875578571427)
way,662798206,NTPL Thermal Power Station,,industrial,plant,,,8.761193966666667,78.16923425833333,POINT(78.16923425833333 8.761193966666667)
way,662798207,Tuticorin Thermal Power Station,,industrial,plant,,,8.76317986,78.17547943999999,POINT(78.17547943999999 8.76317986)
way,740794217,,,,,storage_tank,,8.79202966551724,78.13948498275862,POINT(78.13948498275862 8.79202966551724)
way,822892679,SEPC,,industrial,plant,,SEPC,8.755511228571429,78.15764255714285,POINT(78.15764255714285 8.755511228571429)
way,823674453,,,industrial,,,,8.804662058333333,78.15820320833333,POINT(78.15820320833333 8.804662058333333)
way,823674454,,,industrial,,,,8.80580304,78.15950899999999,POINT(78.15950899999999 8.80580304)
way,823674462,,,industrial,,,,8.740437147619048,78.03027374761905,POINT(78.03027374761905 8.740437147619048)
way,906390049,,,industrial,,,,8.89374776,78.13363652000001,POINT(78.13363652000001 8.89374776)
way,906827207,,,,,works,,8.7673659875,78.197238625,POINT(78.197238625 8.7673659875)
way,906827213,,,,,works,,8.757700680000001,78.19351082,POINT(78.19351082 8.757700680000001)
way,906827214,,,,,works,,8.756244910000001,78.18909109,POINT(78.18909109 8.756244910000001)
way,906827216,,,,,works,,8.73689363111111,78.13686148000001,POINT(78.13686148000001 8.73689363111111)
way,906827217,,,industrial,,,,8.87431518,78.1378746,POINT(78.1378746 8.87431518)
way,906827218,,,industrial,,,,8.839155315384614,78.10328391538461,POINT(78.10328391538461 8.839155315384614)
way,906827219,,,industrial,,,,8.8516773875,78.1217271625,POINT(78.1217271625 8.8516773875)
way,906827220,,,industrial,,,,8.856244328571428,78.05725935714285,POINT(78.05725935714285 8.856244328571428)
way,906827221,,,industrial,,,,8.853188966666666,78.057077,POINT(78.057077 8.853188966666666)
way,906831348,,,industrial,,,,8.659586683333332,78.09051855,POINT(78.09051855 8.659586683333332)
way,906831349,,,industrial,,,,8.662339711764707,78.09131435294117,POINT(78.09131435294117 8.662339711764707)
way,906831350,,,industrial,,,,8.703760280000001,78.09355078,POINT(78.09355078 8.703760280000001)
way,906831351,,,industrial,,,,8.7227614,78.10502297142857,POINT(78.10502297142857 8.7227614)
way,906831352,,,industrial,,,,8.729260066666667,78.10212118333334,POINT(78.10212118333334 8.729260066666667)
way,906831356,,,,,works,,8.737318785714285,78.14407301428572,POINT(78.14407301428572 8.737318785714285)
way,906831358,,,,,works,,8.7385308,78.14864961666667,POINT(78.14864961666667 8.7385308)
way,906837208,,,industrial,,,,8.894548,78.10911536666667,POINT(78.10911536666667 8.894548)
way,906837209,,,industrial,,,,8.8823393,78.10857617333333,POINT(78.10857617333333 8.8823393)
way,986411990,Arasadi,,industrial,plant,,,8.887708891666668,78.0644229,POINT(78.0644229 8.887708891666668)
way,986423924,,,industrial,plant,,,8.767448441176471,77.95640234117647,POINT(77.95640234117647 8.767448441176471)
way,1003158311,,,industrial,plant,,,8.845028229411765,78.08353862941176,POINT(78.08353862941176 8.845028229411765)
way,1011035031,Orange Sironj,,industrial,substation,,,8.855607855555554,78.03053545555557,POINT(78.03053545555557 8.855607855555554)
way,1073989739,,,industrial,,,,8.80069234347826,78.09619544782609,POINT(78.09619544782609 8.80069234347826)
way,1073989741,,,industrial,,,,8.802512792592593,78.07995952962963,POINT(78.07995952962963 8.802512792592593)
way,1222785220,,depot,industrial,,,,8.778350994117647,78.1242396764706,POINT(78.1242396764706 8.778350994117647)
way,1235088522,,,industrial,,,,8.772134012121212,78.10846566666666,POINT(78.10846566666666 8.772134012121212)
way,1268305324,,,industrial,plant,,,8.661406333333334,77.94251261904762,POINT(77.94251261904762 8.661406333333334)
way,1384361544,,,,plant,,,8.749508684615385,78.17800819230769,POINT(78.17800819230769 8.749508684615385)
way,1431653737,Vinfast Auto,,industrial,,,,8.851988925,78.08176869411764,POINT(78.08176869411764 8.851988925)
way,1432129271,,,,plant,,,8.850357501639344,78.03663475573771,POINT(78.03663475573771 8.850357501639344)
way,1432129272,,,,plant,,,8.837031261702128,78.03327903829788,POINT(78.03327903829788 8.837031261702128)
way,1442917861,,,,plant,,,8.727955900000001,78.02724822,POINT(78.02724822 8.727955900000001)
way,1453652971,,,,plant,,,8.58117631,77.90702414,POINT(77.90702414 8.58117631)
way,1468877017,,,,plant,,,8.551026709090909,77.95223592727272,POINT(77.95223592727272 8.551026709090909)
way,1504375937,,,industrial,,,,8.513637671428572,78.11823784285714,POINT(78.11823784285714 8.513637671428572)
way,1516453098,,,industrial,,,,8.893579200000001,78.02037476000001,POINT(78.02037476000001 8.893579200000001)
way,1516453099,,,industrial,,,,8.89804126,78.02106463999999,POINT(78.02106463999999 8.89804126)
way,1516453102,,,industrial,,,,8.8475645,78.07137962,POINT(78.07137962 8.8475645)
relation,9212425,,,industrial,,,,,,
relation,11278577,,port,industrial,,,,,,
relation,11278578,Thoothukudi Fishing Harbour,port,industrial,,,,,,
relation,16765870,,,,plant,,,,,
relation,17348197,SPIC Thoothukudi Floating Solar PV Park,,,plant,,,,,
relation,17415628,,,,plant,,,,,
way,1268305323,,,,,,,8.658283471428572,77.94137698571429,POINT(77.94137698571429 8.658283471428572)
way,1268305313,,,,,,,8.663728194117647,77.94244371764705,POINT(77.94244371764705 8.663728194117647)
way,1268305319,,,,,,,8.66280924,77.94198809999999,POINT(77.94198809999999 8.66280924)
way,1268305320,,,,,,,8.661145393333333,77.94250035333333,POINT(77.94250035333333 8.661145393333333)
way,1268305321,,,,,,,8.659837526666667,77.94234094666668,POINT(77.94234094666668 8.659837526666667)
way,1268305322,,,,,,,8.65879758235294,77.94224568235295,POINT(77.94224568235295 8.65879758235294)
way,1268305314,,,,,,,8.66345132,77.94400292,POINT(77.94400292 8.66345132)
way,1268305315,,,,,,,8.661612889473684,77.94642781578948,POINT(77.94642781578948 8.661612889473684)
way,1268305316,,,,,,,8.66206304,77.94567344000001,POINT(77.94567344000001 8.66206304)
way,1268305317,,,,,,,8.662744134146342,77.94487391219512,POINT(77.94487391219512 8.662744134146342)
way,1268305318,,,,,,,8.662311644444445,77.94345754444446,POINT(77.94345754444446 8.662311644444445)
way,1227454933,,,,,,,8.763479839999999,77.9773189,POINT(77.9773189 8.763479839999999)
way,1227454932,,,,,,,8.767048441935483,77.98045364193548,POINT(77.98045364193548 8.767048441935483)
way,1262795952,,,,,,,8.733073976923077,78.12769523846154,POINT(78.12769523846154 8.733073976923077)
way,97686661,,,,,,,8.767043751282051,78.18405896666667,POINT(78.18405896666667 8.767043751282051)
way,1262795953,,,,,,,8.736402960000001,78.13156122000001,POINT(78.13156122000001 8.736402960000001)
way,662798205,,,,,,,8.7610393625,78.1681028125,POINT(78.1681028125 8.7610393625)
way,906827212,,,,,,,8.755530634782609,78.19227570869565,POINT(78.19227570869565 8.755530634782609)
way,97686734,,,,,,,8.798001816981133,78.1585596962264,POINT(78.1585596962264 8.798001816981133)
way,823674419,,,,,,,8.793472270588236,78.15923528235294,POINT(78.15923528235294 8.793472270588236)
way,823674422,,,,,,,8.800609878571429,78.1587989,POINT(78.1587989 8.800609878571429)
way,823674417,,,,,,,8.795841037931035,78.16136176551724,POINT(78.16136176551724 8.795841037931035)
way,823674418,,,,,,,8.792375450000002,78.1619833,POINT(78.1619833 8.792375450000002)
way,624646806,,,,,,,8.80323188,78.162288215,POINT(78.162288215 8.80323188)
way,624646808,,,,,,,8.8021313,78.159856175,POINT(78.159856175 8.8021313)
