facility_name,acq_date,detection_count,max_frp_mw,mean_frp_mw,total_frp_mw,frp_score,detection_score,frequency_score,behavior_score,behavior_state,reason,previous_active_days,baseline_start_date,baseline_end_date,baseline_activity_frequency,frp_p75_mw,frp_p90_mw,frp_p95_mw,detection_p75,detection_p90,detection_p95,assessment_basis
Arasadi,2026-03-02,1,3.6,3.6,3.6,,,,,INSUFFICIENT_HISTORY,thermal behaviour is within the site's previous historical range,0,,,,,,,,,,Walk-forward facility-level historical thermal baseline
Arasadi,2026-03-10,1,10.2,10.2,10.2,,,,,INSUFFICIENT_HISTORY,thermal behaviour is within the site's previous historical range,1,2026-03-02,2026-03-02,,,,,,,,Walk-forward facility-level historical thermal baseline
Arasadi,2026-04-13,1,13.0,13.0,13.0,,,,,INSUFFICIENT_HISTORY,thermal behaviour is within the site's previous historical range,2,2026-03-02,2026-03-10,,,,,,,,Walk-forward facility-level historical thermal baseline
Arasadi,2026-07-12,1,3.08,3.08,3.08,,,,,INSUFFICIENT_HISTORY,thermal behaviour is within the site's previous historical range,3,2026-03-02,2026-04-13,,,,,,,,Walk-forward facility-level historical thermal baseline
Arasadi,2026-07-29,1,8.12,8.12,8.12,,,,,INSUFFICIENT_HISTORY,thermal behaviour is within the site's previous historical range,4,2026-03-02,2026-07-12,,,,,,,,Walk-forward facility-level historical thermal baseline
DCW,2026-06-06,1,5.25,5.25,5.25,,,,,INSUFFICIENT_HISTORY,thermal behaviour is within the site's previous historical range,0,,,,,,,,,,Walk-forward facility-level historical thermal baseline
DCW,2026-06-25,1,6.25,6.25,6.25,,,,,INSUFFICIENT_HISTORY,thermal behaviour is within the site's previous historical range,1,2026-06-06,2026-06-06,,,,,,,,Walk-forward facility-level historical thermal baseline
DCW,2026-06-30,1,4.09,4.09,4.09,,,,,INSUFFICIENT_HISTORY,thermal behaviour is within the site's previous historical range,2,2026-06-06,2026-06-25,,,,,,,,Walk-forward facility-level historical thermal baseline
DCW,2026-07-05,1,9.24,9.24,9.24,,,,,INSUFFICIENT_HISTORY,thermal behaviour is within the site's previous historical range,3,2026-06-06,2026-06-30,,,,,,,,Walk-forward facility-level historical thermal baseline
DCW,2026-07-17,1,3.86,3.86,3.86,,,,,INSUFFICIENT_HISTORY,thermal behaviour is within the site's previous historical range,4,2026-06-06,2026-07-05,,,,,,,,Walk-forward facility-level historical thermal baseline
DCW,2026-07-22,1,1.71,1.71,1.71,0.0,0.0,7.56,1.51,NORMAL,thermal behaviour is within the site's previous historical range,5,2026-06-06,2026-07-17,0.1087,6.25,8.044,8.642,1.0,1.0,1.0,Walk-forward facility-level historical thermal baseline
DCW,2026-07-23,1,3.6,3.6,3.6,0.0,0.0,10.19,2.04,NORMAL,thermal behaviour is within the site's previous historical range,6,2026-06-06,2026-07-22,0.1277,6.0,7.745,8.4925,1.0,1.0,1.0,Walk-forward facility-level historical thermal baseline
DCW,2026-07-24,2,5.43,4.445,8.89,0.0,100.0,12.38,37.48,NORMAL,detection count is well above the site's previous range,7,2026-06-06,2026-07-23,0.1458,5.75,7.446,8.343,1.0,1.0,1.0,Walk-forward facility-level historical thermal baseline
DCW,2026-07-26,1,4.14,4.14,4.14,0.0,0.0,8.33,1.67,NORMAL,thermal behaviour is within the site's previous historical range,8,2026-06-06,2026-07-24,0.16,5.635,7.147,8.1935,1.0,1.3,1.65,Walk-forward facility-level historical thermal baseline
DCW,2026-07-29,1,3.35,3.35,3.35,0.0,0.0,12.47,2.49,NORMAL,thermal behaviour is within the site's previous historical range,9,2026-06-06,2026-07-26,0.1698,5.43,6.848,8.044,1.0,1.2,1.6,Walk-forward facility-level historical thermal baseline
DCW,2026-08-28,1,5.17,5.17,5.17,0.0,0.0,0.0,0.0,NORMAL,thermal behaviour is within the site's previous historical range,10,2026-06-06,2026-07-29,0.1205,5.385,6.549,7.8945,1.0,1.1,1.55,Walk-forward facility-level historical thermal baseline
SEPC,2026-07-01,1,18.01,18.01,18.01,,,,,INSUFFICIENT_HISTORY,thermal behaviour is within the site's previous historical range,0,,,,,,,,,,Walk-forward facility-level historical thermal baseline
Thoothukudi IBPGL,2026-04-14,1,0.86,0.86,0.86,,,,,INSUFFICIENT_HISTORY,thermal behaviour is within the site's previous historical range,0,,,,,,,,,,Walk-forward facility-level historical thermal baseline
Thoothukudi IBPGL,2026-06-13,1,0.65,0.65,0.65,,,,,INSUFFICIENT_HISTORY,thermal behaviour is within the site's previous historical range,1,2026-04-14,2026-04-14,,,,,,,,Walk-forward facility-level historical thermal baseline
Thoothukudi IBPGL,2026-07-11,1,0.73,0.73,0.73,,,,,INSUFFICIENT_HISTORY,thermal behaviour is within the site's previous historical range,2,2026-04-14,2026-06-13,,,,,,,,Walk-forward facility-level historical thermal baseline
Thoothukudi IBPGL,2026-07-26,1,0.49,0.49,0.49,,,,,INSUFFICIENT_HISTORY,thermal behaviour is within the site's previous historical range,3,2026-04-14,2026-07-11,,,,,,,,Walk-forward facility-level historical thermal baseline
Thoothukudi IBPGL,2026-07-30,1,1.36,1.36,1.36,,,,,INSUFFICIENT_HISTORY,thermal behaviour is within the site's previous historical range,4,2026-04-14,2026-07-26,,,,,,,,Walk-forward facility-level historical thermal baseline
Thoothukudi IBTPL power station,2026-05-05,1,8.57,8.57,8.57,,,,,INSUFFICIENT_HISTORY,thermal behaviour is within the site's previous historical range,0,,,,,,,,,,Walk-forward facility-level historical thermal baseline
Thoothukudi IBTPL power station,2026-07-02,1,5.48,5.48,5.48,,,,,INSUFFICIENT_HISTORY,thermal behaviour is within the site's previous historical range,1,2026-05-05,2026-05-05,,,,,,,,Walk-forward facility-level historical thermal baseline
Thoothukudi IBTPL power station,2026-07-28,1,6.34,6.34,6.34,,,,,INSUFFICIENT_HISTORY,thermal behaviour is within the site's previous historical range,2,2026-05-05,2026-07-02,,,,,,,,Walk-forward facility-level historical thermal baseline
Thoothukudi IBTPL power station,2026-08-09,1,9.0,9.0,9.0,,,,,INSUFFICIENT_HISTORY,thermal behaviour is within the site's previous historical range,3,2026-05-05,2026-07-28,,,,,,,,Walk-forward facility-level historical thermal baseline
UNKNOWN,2026-03-03,1,4.78,4.78,4.78,,,,,INSUFFICIENT_HISTORY,thermal behaviour is within the site's previous historical range,0,,,,,,,,,,Walk-forward facility-level historical thermal baseline
UNKNOWN,2026-03-05,1,3.18,3.18,3.18,,,,,INSUFFICIENT_HISTORY,thermal behaviour is within the site's previous historical range,1,2026-03-03,2026-03-03,,,,,,,,Walk-forward facility-level historical thermal baseline
UNKNOWN,2026-03-07,1,4.84,4.84,4.84,,,,,INSUFFICIENT_HISTORY,thermal behaviour is within the site's previous historical range,2,2026-03-03,2026-03-05,,,,,,,,Walk-forward facility-level historical thermal baseline
UNKNOWN,2026-03-21,1,9.7,9.7,9.7,,,,,INSUFFICIENT_HISTORY,thermal behaviour is within the site's previous historical range,3,2026-03-03,2026-03-07,,,,,,,,Walk-forward facility-level historical thermal baseline
UNKNOWN,2026-03-22,1,4.7,4.7,4.7,,,,,INSUFFICIENT_HISTORY,thermal behaviour is within the site's previous historical range,4,2026-03-03,2026-03-21,,,,,,,,Walk-forward facility-level historical thermal baseline
UNKNOWN,2026-03-26,1,1.82,1.82,1.82,0.0,0.0,0.0,0.0,NORMAL,thermal behaviour is within the site's previous historical range,5,2026-03-03,2026-03-22,0.2174,4.84,7.756,8.728,1.0,1.0,1.0,Walk-forward facility-level historical thermal baseline
UNKNOWN,2026-03-27,1,7.53,7.53,7.53,65.35,0.0,0.0,29.41,NORMAL,peak FRP is above the site's previous range,6,2026-03-03,2026-03-26,0.25,4.825,7.27,8.485,1.0,1.0,1.0,Walk-forward facility-level historical thermal baseline
UNKNOWN,2026-03-29,1,5.0,5.0,5.0,0.0,0.0,0.0,0.0,NORMAL,thermal behaviour is within the site's previous historical range,7,2026-03-03,2026-03-27,0.2692,6.185,8.398,9.049,1.0,1.0,1.0,Walk-forward facility-level historical thermal baseline
UNKNOWN,2026-04-01,1,9.98,9.98,9.98,88.49,0.0,0.0,39.82,NORMAL,peak FRP is well above the site's previous range,8,2026-03-03,2026-03-29,0.2759,5.6325,8.181,8.9405,1.0,1.0,1.0,Walk-forward facility-level historical thermal baseline
UNKNOWN,2026-04-09,1,0.73,0.73,0.73,0.0,0.0,0.0,0.0,NORMAL,thermal behaviour is within the site's previous historical range,9,2026-03-03,2026-04-01,0.2432,7.53,9.756,9.868,1.0,1.0,1.0,Walk-forward facility-level historical thermal baseline
UNKNOWN,2026-04-11,2,14.08,11.135,22.27,97.87,100.0,0.0,79.04,UNUSUAL,peak FRP is well above the site's previous range; detection count is well above the site's previous range,10,2026-03-03,2026-04-09,0.2564,6.8975,9.728,9.854,1.0,1.0,1.0,Walk-forward facility-level historical thermal baseline
UNKNOWN,2026-04-12,1,2.99,2.99,2.99,0.0,0.0,0.0,0.0,NORMAL,thermal behaviour is within the site's previous historical range,11,2026-03-03,2026-04-11,0.275,8.615,9.98,12.03,1.0,1.0,1.5,Walk-forward facility-level historical thermal baseline
UNKNOWN,2026-04-13,1,3.21,3.21,3.21,0.0,0.0,0.83,0.17,NORMAL,thermal behaviour is within the site's previous historical range,12,2026-03-03,2026-04-12,0.2927,8.0725,9.952,11.825,1.0,1.0,1.45,Walk-forward facility-level historical thermal baseline
UNKNOWN,2026-04-18,2,6.17,6.145,12.29,0.0,97.86,5.98,35.45,NORMAL,detection count is well above the site's previous range,13,2026-03-03,2026-04-13,0.2826,7.53,9.924,11.62,1.0,1.0,1.4,Walk-forward facility-level historical thermal baseline
UNKNOWN,2026-04-19,3,9.83,4.123333333333334,12.37,59.15,100.0,7.7,63.16,WATCH,detection count is well above the site's previous range,14,2026-03-03,2026-04-18,0.2979,7.19,9.896,11.415,1.0,1.7,2.0,Walk-forward facility-level historical thermal baseline
UNKNOWN,2026-04-21,1,4.27,4.27,4.27,0.0,0.0,6.59,1.32,NORMAL,thermal behaviour is within the site's previous historical range,15,2026-03-03,2026-04-19,0.3061,8.615,9.92,11.21,1.0,2.0,2.3,Walk-forward facility-level historical thermal baseline
UNKNOWN,2026-04-25,1,1.41,1.41,1.41,0.0,0.0,7.15,1.43,NORMAL,thermal behaviour is within the site's previous historical range,16,2026-03-03,2026-04-21,0.3019,8.0725,9.905,11.005,1.0,2.0,2.25,Walk-forward facility-level historical thermal baseline
UNKNOWN,2026-04-27,1,6.11,6.11,6.11,0.0,0.0,2.61,0.52,NORMAL,thermal behaviour is within the site's previous historical range,17,2026-03-03,2026-04-25,0.3091,7.53,9.89,10.8,1.0,2.0,2.2,Walk-forward facility-level historical thermal baseline
UNKNOWN,2026-04-30,1,0.52,0.52,0.52,0.0,0.0,2.47,0.49,NORMAL,thermal behaviour is within the site's previous historical range,18,2026-03-03,2026-04-27,0.3103,7.19,9.875,10.595,1.0,2.0,2.15,Walk-forward facility-level historical thermal baseline
UNKNOWN,2026-05-02,1,3.87,3.87,3.87,0.0,0.0,1.75,0.35,NORMAL,thermal behaviour is within the site's previous historical range,19,2026-03-03,2026-04-30,0.3167,6.85,9.86,10.39,1.0,2.0,2.1,Walk-forward facility-level historical thermal baseline
UNKNOWN,2026-05-05,1,2.52,2.52,2.52,0.0,0.0,5.17,1.03,NORMAL,thermal behaviour is within the site's previous historical range,20,2026-03-03,2026-05-02,0.3175,6.51,9.845,10.185,1.0,2.0,2.05,Walk-forward facility-level historical thermal baseline
UNKNOWN,2026-05-19,1,7.45,7.45,7.45,37.24,0.0,0.0,16.76,NORMAL,thermal behaviour is within the site's previous historical range,21,2026-03-03,2026-05-05,0.2727,6.17,9.83,9.98,1.0,2.0,2.0,Walk-forward facility-level historical thermal baseline
UNKNOWN,2026-05-21,2,7.66,7.205,14.41,31.9,85.0,0.0,44.11,WATCH,detection count is well above the site's previous range,22,2026-03-03,2026-05-19,0.2785,7.13,9.817,9.9725,1.0,1.9,2.0,Walk-forward facility-level historical thermal baseline
UNKNOWN,2026-05-26,1,3.25,3.25,3.25,0.0,0.0,0.0,0.0,NORMAL,thermal behaviour is within the site's previous historical range,23,2026-03-03,2026-05-21,0.2738,7.49,9.804,9.965,1.0,2.0,2.0,Walk-forward facility-level historical thermal baseline
UNKNOWN,2026-05-29,1,5.25,5.25,5.25,0.0,0.0,0.0,0.0,NORMAL,thermal behaviour is within the site's previous historical range,24,2026-03-03,2026-05-26,0.2759,7.47,9.791,9.9575,1.0,2.0,2.0,Walk-forward facility-level historical thermal baseline
UNKNOWN,2026-05-30,1,1.43,1.43,1.43,0.0,0.0,0.0,0.0,NORMAL,thermal behaviour is within the site's previous historical range,25,2026-03-03,2026-05-29,0.2841,7.45,9.778,9.95,1.0,2.0,2.0,Walk-forward facility-level historical thermal baseline
UNKNOWN,2026-06-01,2,10.95,8.504999999999999,17.009999999999998,88.04,60.0,0.0,60.62,WATCH,peak FRP is well above the site's previous range; detection count is above the site's previous range,26,2026-03-03,2026-05-30,0.2889,7.13,9.765,9.9425,1.0,2.0,2.0,Walk-forward facility-level historical thermal baseline
UNKNOWN,2026-06-02,3,2.21,1.903333333333333,5.71,0.0,100.0,0.0,35.0,NORMAL,detection count is well above the site's previous range,27,2026-03-03,2026-06-01,0.2967,7.49,9.89,10.659,1.0,2.0,2.0,Walk-forward facility-level historical thermal baseline
UNKNOWN,2026-06-05,2,3.4,2.68,5.359999999999999,0.0,60.0,0.0,21.0,NORMAL,detection count is above the site's previous range,28,2026-03-03,2026-06-02,0.2979,7.47,9.875,10.6105,1.0,2.0,2.65,Walk-forward facility-level historical thermal baseline
UNKNOWN,2026-06-06,1,3.81,3.81,3.81,0.0,0.0,0.0,0.0,NORMAL,thermal behaviour is within the site's previous historical range,29,2026-03-03,2026-06-05,0.3053,7.45,9.86,10.562,1.0,2.0,2.6,Walk-forward facility-level historical thermal baseline
UNKNOWN,2026-06-08,1,0.76,0.76,0.76,0.0,0.0,0.0,0.0,NORMAL,thermal behaviour is within the site's previous historical range,30,2026-03-03,2026-06-06,0.3093,7.13,9.845,10.5135,1.0,2.0,2.55,Walk-forward facility-level historical thermal baseline
UNKNOWN,2026-06-09,1,3.49,3.49,3.49,0.0,0.0,1.79,0.36,NORMAL,thermal behaviour is within the site's previous historical range,31,2026-03-03,2026-06-08,0.3163,6.81,9.83,10.465,1.0,2.0,2.5,Walk-forward facility-level historical thermal baseline
UNKNOWN,2026-06-14,1,6.35,6.35,6.35,0.0,0.0,6.01,1.2,NORMAL,thermal behaviour is within the site's previous historical range,32,2026-03-03,2026-06-09,0.3107,6.49,9.817,10.4165,1.0,2.0,2.45,Walk-forward facility-level historical thermal baseline
UNKNOWN,2026-06-15,2,6.64,4.17,8.34,27.94,60.0,8.69,35.31,NORMAL,detection count is above the site's previous range,33,2026-03-03,2026-06-14,0.3173,6.35,9.804,10.368,1.0,2.0,2.4,Walk-forward facility-level historical thermal baseline
UNKNOWN,2026-06-17,1,0.83,0.83,0.83,0.0,0.0,11.7,2.34,NORMAL,thermal behaviour is within the site's previous historical range,34,2026-03-03,2026-06-15,0.3208,6.5675,9.791,10.3195,1.0,2.0,2.35,Walk-forward facility-level historical thermal baseline
UNKNOWN,2026-06-18,1,1.68,1.68,1.68,0.0,0.0,14.22,2.84,NORMAL,thermal behaviour is within the site's previous historical range,35,2026-03-03,2026-06-17,0.3271,6.495,9.778,10.271,1.0,2.0,2.3,Walk-forward facility-level historical thermal baseline
UNKNOWN,2026-06-19,1,5.15,5.15,5.15,0.0,0.0,13.33,2.67,NORMAL,thermal behaviour is within the site's previous historical range,36,2026-03-03,2026-06-18,0.3333,6.4225,9.765,10.2225,1.0,2.0,2.25,Walk-forward facility-level historical thermal baseline
UNKNOWN,2026-06-20,3,10.14,5.28,15.84,82.99,95.91,15.77,74.06,UNUSUAL,peak FRP is above the site's previous range; detection count is well above the site's previous range,37,2026-03-03,2026-06-19,0.3394,6.35,9.752,10.174,1.0,2.0,2.2,Walk-forward facility-level historical thermal baseline
UNKNOWN,2026-06-24,1,6.12,6.12,6.12,0.0,0.0,16.23,3.25,NORMAL,thermal behaviour is within the site's previous historical range,38,2026-03-03,2026-06-20,0.3363,6.5675,9.875,10.2615,1.0,2.0,3.0,Walk-forward facility-level historical thermal baseline
UNKNOWN,2026-06-25,4,6.73,5.4625,21.85,27.44,95.0,18.63,49.33,WATCH,detection count is well above the site's previous range,39,2026-03-03,2026-06-24,0.3421,6.495,9.86,10.221,1.0,2.0,3.0,Walk-forward facility-level historical thermal baseline
UNKNOWN,2026-06-27,3,8.72,3.956666666666667,11.87,47.63,85.0,18.22,54.83,WATCH,detection count is well above the site's previous range,40,2026-03-03,2026-06-25,0.3448,6.6625,9.845,10.1805,1.25,2.1,3.0,Walk-forward facility-level historical thermal baseline
UNKNOWN,2026-06-28,3,8.42,3.6833333333333336,11.05,44.08,60.0,20.57,44.95,WATCH,detection count is above the site's previous range,41,2026-03-03,2026-06-27,0.3504,6.73,9.83,10.14,2.0,3.0,3.0,Walk-forward facility-level historical thermal baseline
UNKNOWN,2026-06-29,6,6.49,3.0033333333333334,18.02,0.0,100.0,19.74,38.95,NORMAL,detection count is well above the site's previous range,42,2026-03-03,2026-06-28,0.3559,7.27,9.817,10.132,2.0,3.0,3.0,Walk-forward facility-level historical thermal baseline
UNKNOWN,2026-06-30,3,4.29,3.536666666666666,10.61,0.0,60.0,18.94,24.79,NORMAL,detection count is above the site's previous range,43,2026-03-03,2026-06-29,0.3613,7.09,9.804,10.124,2.0,3.0,3.0,Walk-forward facility-level historical thermal baseline
UNKNOWN,2026-07-03,1,3.61,3.61,3.61,0.0,0.0,15.96,3.19,NORMAL,thermal behaviour is within the site's previous historical range,44,2026-03-03,2026-06-30,0.3607,6.91,9.791,10.116,2.0,3.0,3.0,Walk-forward facility-level historical thermal baseline
UNKNOWN,2026-07-05,6,6.54,5.59,33.54,0.0,100.0,18.72,38.74,NORMAL,detection count is well above the site's previous range,45,2026-03-03,2026-07-03,0.3629,6.73,9.778,10.108,2.0,3.0,3.0,Walk-forward facility-level historical thermal baseline
UNKNOWN,2026-07-06,3,14.96,7.033333333333334,21.1,99.44,60.0,18.0,69.35,WATCH,peak FRP is well above the site's previous range; detection count is above the site's previous range,46,2026-03-03,2026-07-05,0.368,6.7075,9.765,10.1,2.0,3.0,3.75,Walk-forward facility-level historical thermal baseline
UNKNOWN,2026-07-07,4,13.66,8.9175,35.67,93.27,87.43,17.3,76.04,UNUSUAL,peak FRP is well above the site's previous range; detection count is well above the site's previous range,47,2026-03-03,2026-07-06,0.373,7.09,9.89,10.707,2.0,3.0,3.7,Walk-forward facility-level historical thermal baseline
UNKNOWN,2026-07-08,1,7.96,7.96,7.96,31.7,0.0,19.58,18.18,NORMAL,thermal behaviour is within the site's previous historical range,48,2026-03-03,2026-07-07,0.378,7.47,10.028,12.7115,2.0,3.0,4.0,Walk-forward facility-level historical thermal baseline
UNKNOWN,2026-07-09,2,9.78,8.899999999999999,17.799999999999997,56.73,0.0,18.91,29.31,NORMAL,thermal behaviour is within the site's previous historical range,49,2026-03-03,2026-07-08,0.3828,7.53,10.012,12.576,2.0,3.0,4.0,Walk-forward facility-level historical thermal baseline
UNKNOWN,2026-07-10,1,1.07,1.07,1.07,0.0,0.0,18.27,3.65,NORMAL,thermal behaviour is within the site's previous historical range,50,2026-03-03,2026-07-09,0.3876,7.6275,9.996,12.4405,2.0,3.0,4.0,Walk-forward facility-level historical thermal baseline
UNKNOWN,2026-07-11,2,3.97,2.28,4.5600000000000005,0.0,0.0,20.48,4.1,NORMAL,thermal behaviour is within the site's previous historical range,51,2026-03-03,2026-07-10,0.3923,7.595,9.98,12.305,2.0,3.0,4.0,Walk-forward facility-level historical thermal baseline
UNKNOWN,2026-07-12,3,13.62,7.78,23.34,88.58,60.0,22.65,65.39,WATCH,peak FRP is well above the site's previous range; detection count is above the site's previous range,52,2026-03-03,2026-07-11,0.3969,7.5625,9.965,12.1695,2.0,3.0,4.0,Walk-forward facility-level historical thermal baseline
UNKNOWN,2026-07-13,1,1.45,1.45,1.45,0.0,0.0,24.78,4.96,NORMAL,thermal behaviour is within the site's previous historical range,53,2026-03-03,2026-07-12,0.4015,7.66,10.108,13.636,2.0,3.0,4.0,Walk-forward facility-level historical thermal baseline
UNKNOWN,2026-07-14,1,1.21,1.21,1.21,0.0,0.0,26.87,5.37,NORMAL,thermal behaviour is within the site's previous historical range,54,2026-03-03,2026-07-13,0.406,7.6275,10.092,13.634,2.0,3.0,4.0,Walk-forward facility-level historical thermal baseline
UNKNOWN,2026-07-16,1,1.0,1.0,1.0,0.0,0.0,23.94,4.79,NORMAL,thermal behaviour is within the site's previous historical range,55,2026-03-03,2026-07-14,0.4074,7.595,10.076,13.632,2.0,3.0,4.0,Walk-forward facility-level historical thermal baseline
UNKNOWN,2026-07-18,2,8.37,7.845,15.69,36.32,0.0,23.75,21.09,NORMAL,thermal behaviour is within the site's previous historical range,56,2026-03-03,2026-07-16,0.4088,7.5625,10.06,13.63,2.0,3.0,4.0,Walk-forward facility-level historical thermal baseline
UNKNOWN,2026-07-19,1,12.1,12.1,12.1,74.34,0.0,23.16,38.09,NORMAL,peak FRP is above the site's previous range,57,2026-03-03,2026-07-18,0.413,7.66,10.044,13.628,2.0,3.0,4.0,Walk-forward facility-level historical thermal baseline
UNKNOWN,2026-07-20,1,2.03,2.03,2.03,0.0,0.0,22.59,4.52,NORMAL,thermal behaviour is within the site's previous historical range,58,2026-03-03,2026-07-19,0.4173,7.885,10.383,13.626,2.0,3.0,4.0,Walk-forward facility-level historical thermal baseline
UNKNOWN,2026-07-21,1,0.76,0.76,0.76,0.0,0.0,22.03,4.41,NORMAL,thermal behaviour is within the site's previous historical range,59,2026-03-03,2026-07-20,0.4214,7.81,10.302,13.624,2.0,3.0,4.0,Walk-forward facility-level historical thermal baseline
UNKNOWN,2026-07-22,1,1.27,1.27,1.27,0.0,0.0,24.11,4.82,NORMAL,thermal behaviour is within the site's previous historical range,60,2026-03-03,2026-07-21,0.4255,7.735,10.221,13.622,2.0,3.0,4.0,Walk-forward facility-level historical thermal baseline
UNKNOWN,2026-07-23,3,7.48,5.23,15.69,0.0,60.0,26.16,26.23,NORMAL,detection count is above the site's previous range,61,2026-03-03,2026-07-22,0.4296,7.66,10.14,13.62,2.0,3.0,4.0,Walk-forward facility-level historical thermal baseline
UNKNOWN,2026-07-24,10,7.79,4.102,41.02,27.28,100.0,28.17,52.91,WATCH,detection count is well above the site's previous range,62,2026-03-03,2026-07-23,0.4336,7.6275,10.124,13.544,2.0,3.0,3.95,Walk-forward facility-level historical thermal baseline
UNKNOWN,2026-07-25,4,14.62,5.3775,21.51,87.57,85.0,27.62,74.68,UNUSUAL,peak FRP is well above the site's previous range; detection count is well above the site's previous range,63,2026-03-03,2026-07-24,0.4375,7.725,10.108,13.468,2.0,3.0,4.0,Walk-forward facility-level historical thermal baseline
UNKNOWN,2026-07-26,2,8.42,5.875,11.75,32.15,0.0,27.08,19.89,NORMAL,thermal behaviour is within the site's previous historical range,64,2026-03-03,2026-07-25,0.4414,7.8325,10.707,13.654,2.0,3.0,4.0,Walk-forward facility-level historical thermal baseline
UNKNOWN,2026-07-27,4,11.53,5.395,21.58,67.47,85.0,29.06,65.92,WATCH,peak FRP is above the site's previous range; detection count is well above the site's previous range,65,2026-03-03,2026-07-26,0.4452,7.96,10.626,13.652,2.0,3.0,4.0,Walk-forward facility-level historical thermal baseline
UNKNOWN,2026-07-29,4,8.35,4.39,17.56,25.97,85.0,26.46,46.73,WATCH,detection count is well above the site's previous range,66,2026-03-03,2026-07-27,0.4459,8.2675,11.24,13.65,2.0,3.5,4.0,Walk-forward facility-level historical thermal baseline
UNKNOWN,2026-07-30,3,7.56,4.2,12.6,0.0,36.67,25.97,18.03,NORMAL,thermal behaviour is within the site's previous historical range,67,2026-03-03,2026-07-29,0.4497,8.36,11.182,13.648,2.5,4.0,4.0,Walk-forward facility-level historical thermal baseline
UNKNOWN,2026-07-31,1,12.5,12.5,12.5,73.64,0.0,25.49,38.24,NORMAL,peak FRP is above the site's previous range,68,2026-03-03,2026-07-30,0.4533,8.355,11.124,13.646,3.0,4.0,4.0,Walk-forward facility-level historical thermal baseline
UNKNOWN,2026-08-01,3,8.97,6.140000000000001,18.42,31.41,0.0,27.46,19.63,NORMAL,thermal behaviour is within the site's previous historical range,69,2026-03-03,2026-07-31,0.457,8.37,11.644,13.644,3.0,4.0,4.0,Walk-forward facility-level historical thermal baseline
UNKNOWN,2026-08-04,1,16.78,16.78,16.78,91.9,0.0,27.78,46.91,WATCH,peak FRP is well above the site's previous range,70,2026-03-03,2026-08-01,0.4545,8.4075,11.587,13.642,3.0,4.0,4.0,Walk-forward facility-level historical thermal baseline
UNKNOWN,2026-08-07,4,20.04,8.86,35.44,98.35,60.0,23.18,69.89,WATCH,peak FRP is well above the site's previous range; detection count is above the site's previous range,71,2026-03-03,2026-08-04,0.4522,8.42,12.1,13.87,3.0,4.0,4.0,Walk-forward facility-level historical thermal baseline
UNKNOWN,2026-08-09,2,5.35,4.46,8.92,0.0,0.0,20.65,4.13,NORMAL,thermal behaviour is within the site's previous historical range,72,2026-03-03,2026-08-07,0.4528,8.495,12.46,14.323,3.0,4.0,4.0,Walk-forward facility-level historical thermal baseline
UNKNOWN,2026-08-10,1,3.9,3.9,3.9,0.0,0.0,20.24,4.05,NORMAL,thermal behaviour is within the site's previous historical range,73,2026-03-03,2026-08-09,0.4562,8.42,12.42,14.296,3.0,4.0,4.0,Walk-forward facility-level historical thermal baseline
UNKNOWN,2026-08-12,2,48.72,24.96,49.92,100.0,0.0,17.75,48.55,WATCH,peak FRP is well above the site's previous range,74,2026-03-03,2026-08-10,0.4568,8.42,12.38,14.269,3.0,4.0,4.0,Walk-forward facility-level historical thermal baseline
UNKNOWN,2026-08-13,1,4.93,4.93,4.93,0.0,0.0,17.38,3.48,NORMAL,thermal behaviour is within the site's previous historical range,75,2026-03-03,2026-08-12,0.4601,8.57,13.172,14.722,3.0,4.0,4.0,Walk-forward facility-level historical thermal baseline
UNKNOWN,2026-08-15,2,2.86,1.63,3.26,0.0,0.0,17.32,3.46,NORMAL,thermal behaviour is within the site's previous historical range,76,2026-03-03,2026-08-13,0.4606,8.495,13.06,14.705,3.0,4.0,4.0,Walk-forward facility-level historical thermal baseline
UNKNOWN,2026-08-17,1,1.66,1.66,1.66,0.0,0.0,17.27,3.45,NORMAL,thermal behaviour is within the site's previous historical range,77,2026-03-03,2026-08-15,0.4611,8.42,12.948,14.688,3.0,4.0,4.0,Walk-forward facility-level historical thermal baseline
UNKNOWN,2026-08-18,5,8.91,4.226000000000001,21.130000000000003,28.88,92.5,16.92,48.76,WATCH,detection count is well above the site's previous range,78,2026-03-03,2026-08-17,0.4643,8.42,12.836,14.671,2.75,4.0,4.0,Walk-forward facility-level historical thermal baseline
UNKNOWN,2026-08-19,2,9.25,7.935,15.87,30.73,0.0,16.58,17.14,NORMAL,thermal behaviour is within the site's previous historical range,79,2026-03-03,2026-08-18,0.4675,8.57,12.724,14.654,3.0,4.0,4.1,Walk-forward facility-level historical thermal baseline
UNKNOWN,2026-08-20,1,1.92,1.92,1.92,0.0,0.0,16.25,3.25,NORMAL,thermal behaviour is within the site's previous historical range,80,2026-03-03,2026-08-19,0.4706,8.7675,12.612,14.637,3.0,4.0,4.05,Walk-forward facility-level historical thermal baseline
UNKNOWN,2026-08-21,1,2.79,2.79,2.79,0.0,0.0,15.93,3.19,NORMAL,thermal behaviour is within the site's previous historical range,81,2026-03-03,2026-08-20,0.4737,8.72,12.5,14.62,3.0,4.0,4.0,Walk-forward facility-level historical thermal baseline
UNKNOWN,2026-08-28,7,7.52,3.3714285714285714,23.6,0.0,100.0,5.26,36.05,NORMAL,detection count is well above the site's previous range,82,2026-03-03,2026-08-21,0.4607,8.645,12.46,14.593,2.75,4.0,4.0,Walk-forward facility-level historical thermal baseline
UNKNOWN,2026-08-29,5,6.22,4.126,20.63,0.0,85.61,5.01,30.97,NORMAL,detection count is well above the site's previous range,83,2026-03-03,2026-08-28,0.4637,8.57,12.42,14.566,3.0,4.0,4.9,Walk-forward facility-level historical thermal baseline
