event_id,latitude,longitude,event_date,event_start_time,max_frp,observation_count,worldcover_class_code,worldcover_class
EVT_20260302_0001,8.88946,78.07883,2026-03-02,745,3.6,1,,UNKNOWN
EVT_20260303_0002,8.52041,77.95682,2026-03-03,726,4.78,1,,UNKNOWN
EVT_20260305_0003,8.86701,78.15883,2026-03-05,828,3.18,1,,UNKNOWN
EVT_20260307_0004,8.843925,78.028965,2026-03-07,752,4.84,2,,UNKNOWN
EVT_20260310_0005,8.88966,78.0834,2026-03-10,837,10.2,1,,UNKNOWN
EVT_20260321_0006,8.83324,77.90954,2026-03-21,828,9.7,1,,UNKNOWN
EVT_20260322_0007,8.77028,77.910345,2026-03-22,809,4.7,2,,UNKNOWN
EVT_20260326_0008,8.87448,78.11445,2026-03-26,837,1.82,1,,UNKNOWN
EVT_20260327_0009,8.85956,77.9315,2026-03-27,816,7.53,1,,UNKNOWN
EVT_20260329_0010,8.777609,77.918854,2026-03-29,737,5.0,8,,UNKNOWN
EVT_20260401_0011,8.85411,77.9365,2026-04-01,822,9.98,1,,UNKNOWN
EVT_20260409_0012,8.66887,77.99278,2026-04-09,2008,0.73,1,,UNKNOWN
EVT_20260411_0013,8.715185,77.972548,2026-04-11,835,14.08,4,,UNKNOWN
EVT_20260411_0014,8.755979,77.920926,2026-04-11,835,8.19,9,,UNKNOWN
EVT_20260412_0015,8.82935,78.12801,2026-04-12,816,2.99,1,,UNKNOWN
EVT_20260413_0016,8.82488,78.0686,2026-04-13,758,3.21,1,,UNKNOWN
EVT_20260413_0017,8.88627,78.06699,2026-04-13,758,13.0,1,,UNKNOWN
EVT_20260414_0018,8.86806,78.12099,2026-04-14,2014,0.86,1,,UNKNOWN
EVT_20260418_0019,8.81549,77.94476,2026-04-18,803,6.17,1,,UNKNOWN
EVT_20260418_0020,8.807735,78.069995,2026-04-18,2040,6.12,2,,UNKNOWN
EVT_20260419_0021,8.80611,78.06895,2026-04-19,744,1.98,1,,UNKNOWN
EVT_20260419_0022,8.8828,78.00963,2026-04-19,744,9.83,1,,UNKNOWN
EVT_20260419_0023,8.66883,77.99357,2026-04-19,2019,0.56,1,,UNKNOWN
EVT_20260421_0024,8.861195,77.938125,2026-04-21,848,4.27,2,,UNKNOWN
EVT_20260425_0025,8.88742,78.10432,2026-04-25,731,1.41,1,,UNKNOWN
EVT_20260427_0026,8.769065,78.04026,2026-04-27,835,6.11,2,,UNKNOWN
EVT_20260430_0027,8.66993,77.99168,2026-04-30,2014,0.52,1,,UNKNOWN
EVT_20260502_0028,8.72846,78.10567,2026-05-02,841,3.87,1,,UNKNOWN
EVT_20260505_0029,8.78858,77.93148,2026-05-05,744,2.52,1,,UNKNOWN
EVT_20260505_0030,8.88589,78.04684,2026-05-05,744,8.57,1,,UNKNOWN
EVT_20260519_0031,8.74381,78.1442,2026-05-19,822,7.45,1,,UNKNOWN
EVT_20260521_0032,8.76474,78.09692,2026-05-21,744,7.66,1,,UNKNOWN
EVT_20260521_0033,8.86928,77.96659,2026-05-21,744,6.75,1,,UNKNOWN
EVT_20260526_0034,8.75491,78.090295,2026-05-26,750,3.25,2,,UNKNOWN
EVT_20260529_0035,8.75027,78.0775,2026-05-29,835,5.25,1,,UNKNOWN
EVT_20260530_0036,8.85935,78.16643,2026-05-30,2051,1.43,1,,UNKNOWN
EVT_20260601_0037,8.74789,78.078,2026-06-01,830,6.06,1,,UNKNOWN
EVT_20260601_0038,8.80227,77.90195,2026-06-01,833,10.95,1,,UNKNOWN
EVT_20260602_0039,8.67747,78.06907,2026-06-02,811,2.21,1,,UNKNOWN
EVT_20260602_0040,8.73695,78.05997,2026-06-02,811,1.58,1,,UNKNOWN
EVT_20260602_0041,8.75108,78.08628,2026-06-02,811,1.92,1,,UNKNOWN
EVT_20260605_0042,8.74904,78.07733,2026-06-05,803,3.4,1,,UNKNOWN
EVT_20260605_0043,8.87605,78.00178,2026-06-05,803,1.96,1,,UNKNOWN
EVT_20260606_0044,8.60727,78.0759,2026-06-06,837,5.25,1,,UNKNOWN
EVT_20260606_0045,8.863175,78.131085,2026-06-06,837,3.81,2,,UNKNOWN
EVT_20260608_0046,8.77915,77.96409,2026-06-08,801,0.76,1,,UNKNOWN
EVT_20260609_0047,8.85569,78.130365,2026-06-09,828,3.49,2,,UNKNOWN
EVT_20260613_0048,8.86795,78.12238,2026-06-13,2042,0.65,1,,UNKNOWN
EVT_20260614_0049,8.77269,78.19781,2026-06-14,2023,6.35,1,,UNKNOWN
EVT_20260615_0050,8.67767,78.07226,2026-06-15,816,1.7,1,,UNKNOWN
EVT_20260615_0051,8.880375,78.11752,2026-06-15,816,6.64,2,,UNKNOWN
EVT_20260617_0052,8.62939,78.07955,2026-06-17,2014,0.83,1,,UNKNOWN
EVT_20260618_0053,8.66783,77.99359,2026-06-18,1955,1.68,1,,UNKNOWN
EVT_20260619_0054,8.882395,78.12329,2026-06-19,754,5.15,2,,UNKNOWN
EVT_20260620_0055,8.77606,77.959073,2026-06-20,733,10.14,3,,UNKNOWN
EVT_20260620_0056,8.60638,77.97795,2026-06-20,822,3.43,1,,UNKNOWN
EVT_20260620_0057,8.65484,77.92022,2026-06-20,822,2.27,1,,UNKNOWN
EVT_20260624_0058,8.667145,78.080815,2026-06-24,845,6.12,2,,UNKNOWN
EVT_20260625_0059,8.57256,78.11075,2026-06-25,741,6.25,2,,UNKNOWN
EVT_20260625_0060,8.709607,77.95361,2026-06-25,741,6.73,3,,UNKNOWN
EVT_20260625_0061,8.75734,78.18155,2026-06-25,828,5.07,1,,UNKNOWN
EVT_20260625_0062,8.85358,77.948545,2026-06-25,828,5.69,2,,UNKNOWN
EVT_20260625_0063,8.88243,78.14104,2026-06-25,828,4.36,2,,UNKNOWN
EVT_20260627_0064,8.850275,77.975755,2026-06-27,843,8.72,2,,UNKNOWN
EVT_20260627_0065,8.66945,77.99419,2026-06-27,2025,1.21,1,,UNKNOWN
EVT_20260627_0066,8.82218,78.054435,2026-06-27,2025,1.94,2,,UNKNOWN
EVT_20260628_0067,8.82998,77.9785,2026-06-28,731,1.58,1,,UNKNOWN
EVT_20260628_0068,8.85756,78.03976,2026-06-28,731,8.42,1,,UNKNOWN
EVT_20260628_0069,8.67023,77.99241,2026-06-28,2008,1.05,1,,UNKNOWN
EVT_20260629_0070,8.75938,78.18442,2026-06-29,805,5.54,1,,UNKNOWN
EVT_20260629_0071,8.77312,77.9638,2026-06-29,805,1.79,1,,UNKNOWN
EVT_20260629_0072,8.88808,77.98834,2026-06-29,805,1.14,1,,UNKNOWN
EVT_20260629_0073,8.79237,78.02587,2026-06-29,854,1.81,1,,UNKNOWN
EVT_20260629_0074,8.81134,78.079335,2026-06-29,854,6.49,2,,UNKNOWN
EVT_20260629_0075,8.67153,77.99429,2026-06-29,2042,1.25,1,,UNKNOWN
EVT_20260630_0076,8.79416,78.05643,2026-06-30,748,2.9,1,,UNKNOWN
EVT_20260630_0077,8.86758,78.15696,2026-06-30,748,4.29,2,,UNKNOWN
EVT_20260630_0078,8.56587,78.12151,2026-06-30,835,4.09,1,,UNKNOWN
EVT_20260630_0079,8.70381,78.10857,2026-06-30,835,3.42,1,,UNKNOWN
EVT_20260701_0080,8.745172,78.16344,2026-07-01,731,18.01,4,,UNKNOWN
EVT_20260702_0081,8.891607,78.055853,2026-07-02,756,5.48,3,,UNKNOWN
EVT_20260703_0082,8.75918,78.18197,2026-07-03,833,3.61,1,,UNKNOWN
EVT_20260705_0083,8.515798,78.06301,2026-07-05,754,5.87,4,,UNKNOWN
EVT_20260705_0084,8.54408,78.12749,2026-07-05,754,6.02,1,,UNKNOWN
EVT_20260705_0085,8.57296,78.08848,2026-07-05,754,9.24,1,,UNKNOWN
EVT_20260705_0086,8.674925,78.042795,2026-07-05,754,6.54,4,,UNKNOWN
EVT_20260705_0087,8.74794,77.99934,2026-07-05,754,3.94,1,,UNKNOWN
EVT_20260705_0088,8.61112,77.97647,2026-07-05,839,6.33,1,,UNKNOWN
EVT_20260705_0089,8.76077,78.18306,2026-07-05,839,4.84,1,,UNKNOWN
EVT_20260706_0090,8.75857,78.18122,2026-07-06,822,14.96,1,,UNKNOWN
EVT_20260706_0091,8.86743,78.15778,2026-07-06,822,3.88,1,,UNKNOWN
EVT_20260706_0092,8.758747,78.18315,2026-07-06,2012,2.26,4,,UNKNOWN
EVT_20260707_0093,8.69401,78.05341,2026-07-07,803,5.31,1,,UNKNOWN
EVT_20260707_0094,8.75737,78.18203,2026-07-07,803,13.66,2,,UNKNOWN
EVT_20260707_0095,8.86108,78.0523,2026-07-07,803,11.0,1,,UNKNOWN
EVT_20260707_0096,8.75855,78.182793,2026-07-07,1951,5.7,3,,UNKNOWN
EVT_20260708_0097,8.75731,78.1812,2026-07-08,2114,7.96,1,,UNKNOWN
EVT_20260709_0098,8.84491,77.99417,2026-07-09,820,8.02,1,,UNKNOWN
EVT_20260709_0099,8.85846,77.94576,2026-07-09,820,9.78,1,,UNKNOWN
EVT_20260710_0100,8.85192,78.13534,2026-07-10,1942,1.07,1,,UNKNOWN
EVT_20260711_0101,8.69392,78.05166,2026-07-11,741,3.97,1,,UNKNOWN
EVT_20260711_0102,8.67076,77.99223,2026-07-11,2017,0.59,1,,UNKNOWN
EVT_20260711_0103,8.86807,78.12141,2026-07-11,2017,0.73,1,,UNKNOWN
EVT_20260712_0104,8.89624,78.07236,2026-07-12,724,3.08,1,,UNKNOWN
EVT_20260712_0105,8.66283,78.03506,2026-07-12,809,13.62,1,,UNKNOWN
EVT_20260712_0106,8.68076,78.06427,2026-07-12,809,7.59,1,,UNKNOWN
EVT_20260712_0107,8.74524,78.12827,2026-07-12,809,2.13,1,,UNKNOWN
EVT_20260713_0108,8.84894,78.13416,2026-07-13,2025,1.45,1,,UNKNOWN
EVT_20260714_0109,8.70241,78.05972,2026-07-14,2008,1.21,1,,UNKNOWN
EVT_20260716_0110,8.84957,78.13499,2026-07-16,2023,1.0,1,,UNKNOWN
EVT_20260717_0111,8.60856,78.09164,2026-07-17,816,3.86,1,,UNKNOWN
EVT_20260718_0112,8.75063,78.10085,2026-07-18,756,7.32,1,,UNKNOWN
EVT_20260718_0113,8.851477,78.019773,2026-07-18,756,8.37,3,,UNKNOWN
EVT_20260719_0114,8.742296,77.95846,2026-07-19,737,12.1,7,,UNKNOWN
EVT_20260720_0115,8.84538,78.06369,2026-07-20,813,2.03,1,,UNKNOWN
EVT_20260721_0116,8.66998,77.99445,2026-07-21,2032,0.76,1,,UNKNOWN
EVT_20260722_0117,8.61174,78.1255,2026-07-22,2012,1.71,1,,UNKNOWN
EVT_20260722_0118,8.84976,78.1354,2026-07-22,2012,1.27,1,,UNKNOWN
EVT_20260723_0119,8.75921,78.18096,2026-07-23,803,7.48,1,,UNKNOWN
EVT_20260723_0120,8.61686,77.959485,2026-07-23,858,5.57,2,,UNKNOWN
EVT_20260723_0121,8.597505,78.13128,2026-07-23,1953,3.6,2,,UNKNOWN
EVT_20260723_0122,8.75794,78.18364,2026-07-23,1953,2.64,1,,UNKNOWN
EVT_20260724_0123,8.57624,78.11585,2026-07-24,744,3.46,1,,UNKNOWN
EVT_20260724_0124,8.610845,78.0196,2026-07-24,744,5.98,2,,UNKNOWN
EVT_20260724_0125,8.61237,77.97205,2026-07-24,744,3.18,1,,UNKNOWN
EVT_20260724_0126,8.61637,77.954327,2026-07-24,744,4.27,3,,UNKNOWN
EVT_20260724_0127,8.672645,78.09678,2026-07-24,744,2.89,2,,UNKNOWN
EVT_20260724_0128,8.80012,78.12872,2026-07-24,744,5.78,1,,UNKNOWN
EVT_20260724_0129,8.60956,77.98328,2026-07-24,837,2.56,1,,UNKNOWN
EVT_20260724_0130,8.75892,78.18311,2026-07-24,839,4.78,1,,UNKNOWN
EVT_20260724_0131,8.81455,77.97631,2026-07-24,839,7.79,1,,UNKNOWN
EVT_20260724_0132,8.86727,78.15775,2026-07-24,839,2.68,1,,UNKNOWN
EVT_20260724_0133,8.57257,78.07323,2026-07-24,2019,5.43,1,,UNKNOWN
EVT_20260724_0134,8.67059,77.99273,2026-07-24,2019,1.11,1,,UNKNOWN
EVT_20260725_0135,8.61882,77.95472,2026-07-25,726,3.83,2,,UNKNOWN
EVT_20260725_0136,8.846798,77.957348,2026-07-25,726,14.62,5,,UNKNOWN
EVT_20260725_0137,8.76865,78.05247,2026-07-25,820,2.81,1,,UNKNOWN
EVT_20260725_0138,8.77572,78.07705,2026-07-25,2002,0.25,1,,UNKNOWN
EVT_20260726_0139,8.75737,78.183,2026-07-26,803,8.42,1,,UNKNOWN
EVT_20260726_0140,8.60473,78.06739,2026-07-26,845,4.14,1,,UNKNOWN
EVT_20260726_0141,8.64032,77.90717,2026-07-26,848,3.33,1,,UNKNOWN
EVT_20260726_0142,8.86824,78.12153,2026-07-26,2038,0.49,1,,UNKNOWN
EVT_20260727_0143,8.67911,78.048315,2026-07-27,741,11.53,2,,UNKNOWN
EVT_20260727_0144,8.61868,77.95311,2026-07-27,828,2.5,1,,UNKNOWN
EVT_20260727_0145,8.72816,78.08289,2026-07-27,828,1.76,1,,UNKNOWN
EVT_20260727_0146,8.75845,78.18256,2026-07-27,828,5.79,1,,UNKNOWN
EVT_20260728_0147,8.89275,78.04395,2026-07-28,809,6.34,1,,UNKNOWN
EVT_20260729_0148,8.879297,78.085383,2026-07-29,750,8.12,3,,UNKNOWN
EVT_20260729_0149,8.88462,78.148475,2026-07-29,750,8.35,2,,UNKNOWN
EVT_20260729_0150,8.56658,78.06514,2026-07-29,845,3.35,1,,UNKNOWN
EVT_20260729_0151,8.75689,78.1835,2026-07-29,845,2.79,1,,UNKNOWN
EVT_20260729_0152,8.78999,78.09714,2026-07-29,845,2.05,1,,UNKNOWN
EVT_20260729_0153,8.759825,78.18125,2026-07-29,1940,4.37,2,,UNKNOWN
EVT_20260730_0154,8.758975,78.182965,2026-07-30,731,7.56,2,,UNKNOWN
EVT_20260730_0155,8.61699,77.95514,2026-07-30,826,2.74,1,,UNKNOWN
EVT_20260730_0156,8.759095,78.181335,2026-07-30,2008,2.3,2,,UNKNOWN
EVT_20260730_0157,8.86788,78.11977,2026-07-30,2008,1.36,1,,UNKNOWN
EVT_20260731_0158,8.75698,78.18044,2026-07-31,854,12.5,1,,UNKNOWN
EVT_20260801_0159,8.756787,78.183287,2026-08-01,750,8.63,3,,UNKNOWN
EVT_20260801_0160,8.825912,78.087152,2026-08-01,1930,8.97,6,,UNKNOWN
EVT_20260801_0161,8.66925,77.99277,2026-08-01,2025,0.82,1,,UNKNOWN
EVT_20260804_0162,8.77262,78.11182,2026-08-04,737,16.78,1,,UNKNOWN
EVT_20260807_0163,8.57914,77.95925,2026-08-07,735,2.48,1,,UNKNOWN
EVT_20260807_0164,8.58266,77.97887,2026-08-07,735,6.73,1,,UNKNOWN
EVT_20260807_0165,8.57461,78.00533,2026-08-07,822,6.19,1,,UNKNOWN
EVT_20260807_0166,8.759583,78.182353,2026-08-07,822,20.04,3,,UNKNOWN
EVT_20260809_0167,8.84041,78.0078,2026-08-09,744,5.35,1,,UNKNOWN
EVT_20260809_0168,8.84773,77.97353,2026-08-09,744,3.57,1,,UNKNOWN
EVT_20260809_0169,8.898385,78.04115,2026-08-09,744,9.0,2,,UNKNOWN
EVT_20260810_0170,8.616597,77.950813,2026-08-10,2002,3.9,3,,UNKNOWN
EVT_20260812_0171,8.58918,77.91875,2026-08-12,828,48.72,1,,UNKNOWN
EVT_20260812_0172,8.67153,77.9933,2026-08-12,2019,1.2,1,,UNKNOWN
EVT_20260813_0173,8.53019,78.08766,2026-08-13,809,4.93,1,,UNKNOWN
EVT_20260815_0174,8.71118,78.09945,2026-08-15,828,2.86,1,,UNKNOWN
EVT_20260815_0175,8.84948,78.13552,2026-08-15,2008,0.4,1,,UNKNOWN
EVT_20260817_0176,8.67144,77.99295,2026-08-17,2025,1.66,1,,UNKNOWN
EVT_20260818_0177,8.62125,77.95941,2026-08-18,816,3.37,1,,UNKNOWN
EVT_20260818_0178,8.74016,78.05225,2026-08-18,816,8.91,1,,UNKNOWN
EVT_20260818_0179,8.79578,77.95259,2026-08-18,816,2.07,1,,UNKNOWN
EVT_20260818_0180,8.86771,78.15748,2026-08-18,816,6.09,1,,UNKNOWN
EVT_20260818_0181,8.66845,77.99213,2026-08-18,2051,0.69,1,,UNKNOWN
EVT_20260819_0182,8.885925,78.104705,2026-08-19,758,9.25,2,,UNKNOWN
EVT_20260819_0183,8.64099,77.902477,2026-08-19,852,6.62,3,,UNKNOWN
EVT_20260820_0184,8.73457,78.0784,2026-08-20,835,1.92,1,,UNKNOWN
EVT_20260821_0185,8.6787,78.06282,2026-08-21,813,2.79,1,,UNKNOWN
EVT_20260828_0186,8.566405,78.083805,2026-08-28,744,5.17,2,,UNKNOWN
EVT_20260828_0187,8.712812,77.974342,2026-08-28,744,7.52,4,,UNKNOWN
EVT_20260828_0188,8.72984,78.1073,2026-08-28,744,5.48,1,,UNKNOWN
EVT_20260828_0189,8.78832,78.11234,2026-08-28,744,2.63,1,,UNKNOWN
EVT_20260828_0190,8.84528,78.0387,2026-08-28,744,3.18,1,,UNKNOWN
EVT_20260828_0191,8.861145,77.992535,2026-08-28,828,3.92,2,,UNKNOWN
EVT_20260828_0192,8.67013,77.993825,2026-08-28,2019,0.44,2,,UNKNOWN
EVT_20260828_0193,8.85032,78.13471,2026-08-28,2019,0.43,1,,UNKNOWN
EVT_20260829_0194,8.60741,77.97129,2026-08-29,809,5.38,1,,UNKNOWN
EVT_20260829_0195,8.75016,78.08366,2026-08-29,809,6.22,1,,UNKNOWN
EVT_20260829_0196,8.8745,77.98587,2026-08-29,809,5.31,1,,UNKNOWN
EVT_20260829_0197,8.77298,78.1974,2026-08-29,2000,2.2,1,,UNKNOWN
EVT_20260829_0198,8.67362,78.03297,2026-08-29,2046,1.52,1,,UNKNOWN
