event_id,region_id,latitude,longitude,acq_date,acq_time,observation_count,satellite_count,satellites,frp,association_type,association_confidence,osm_type,osm_id,name,industrial,landuse,power,man_made,distance_km
EVT_20260301_0001,jamnagar,22.43036,69.83382,2026-03-01,2036,1,1,N21,0.59,OSM_FEATURE_INTERSECTION,HIGH,way,321060506.0,SHREE DIGVIJAY CEMENT,,industrial,,,0.0
EVT_20260302_0002,jamnagar,22.43116,69.83365,2026-03-02,2018,1,1,N21,0.63,OSM_FEATURE_INTERSECTION,HIGH,way,321060506.0,SHREE DIGVIJAY CEMENT,,industrial,,,0.0
EVT_20260303_0003,jamnagar,22.42865,69.83251,2026-03-03,2140,1,1,N21,0.82,OSM_FEATURE_INTERSECTION,HIGH,way,321060506.0,SHREE DIGVIJAY CEMENT,,industrial,,,0.0
EVT_20260304_0004,jamnagar,22.33814,69.8543,2026-03-04,2120,1,1,N21,3.88,OSM_FEATURE_INTERSECTION,HIGH,way,91585872.0,Reliance Refinery,refinery,industrial,,,0.0
EVT_20260305_0005,jamnagar,22.33741,69.85396,2026-03-05,2101,2,1,N21,1.5,OSM_FEATURE_INTERSECTION,HIGH,way,91585872.0,Reliance Refinery,refinery,industrial,,,0.0
EVT_20260305_0006,jamnagar,22.33673,69.869,2026-03-05,2101,1,1,N21,2.84,OSM_FEATURE_INTERSECTION,HIGH,way,91585872.0,Reliance Refinery,refinery,industrial,,,0.0
EVT_20260305_0007,jamnagar,22.43112,69.83326,2026-03-05,2101,1,1,N21,1.2,OSM_FEATURE_INTERSECTION,HIGH,way,321060506.0,SHREE DIGVIJAY CEMENT,,industrial,,,0.0
EVT_20260309_0008,jamnagar,22.408525,69.884515,2026-03-09,858,2,1,N21,5.17,NEARBY_OSM_INDUSTRIAL_FEATURE,SCREENING,way,139787908.0,,,industrial,,,1.457
EVT_20260309_0009,jamnagar,22.33847,69.85462,2026-03-09,2125,1,1,N21,3.22,OSM_FEATURE_INTERSECTION,HIGH,way,91585872.0,Reliance Refinery,refinery,industrial,,,0.0
EVT_20260309_0010,jamnagar,22.42984,69.83475,2026-03-09,2125,1,1,N21,1.25,OSM_FEATURE_INTERSECTION,HIGH,way,321060506.0,SHREE DIGVIJAY CEMENT,,industrial,,,0.0
EVT_20260310_0011,jamnagar,22.33586,69.86778,2026-03-10,2108,1,1,N21,2.55,OSM_FEATURE_INTERSECTION,HIGH,way,91585872.0,Reliance Refinery,refinery,industrial,,,0.0
EVT_20260310_0012,jamnagar,22.3378,69.85616,2026-03-10,2108,1,1,N21,3.2,OSM_FEATURE_INTERSECTION,HIGH,way,91585872.0,Reliance Refinery,refinery,industrial,,,0.0
EVT_20260310_0013,jamnagar,22.43023,69.83325,2026-03-10,2108,1,1,N21,0.93,OSM_FEATURE_INTERSECTION,HIGH,way,321060506.0,SHREE DIGVIJAY CEMENT,,industrial,,,0.0
EVT_20260311_0014,jamnagar,22.34086,69.85392,2026-03-11,2049,1,1,N21,2.06,OSM_FEATURE_INTERSECTION,HIGH,way,91585872.0,Reliance Refinery,refinery,industrial,,,0.0
EVT_20260313_0015,jamnagar,22.31238,69.85453,2026-03-13,2012,1,1,N21,0.99,OSM_FEATURE_INTERSECTION,HIGH,way,91585872.0,Reliance Refinery,refinery,industrial,,,0.0
EVT_20260314_0016,jamnagar,22.20038,69.95724,2026-03-14,905,1,1,N21,20.71,NEARBY_OSM_INDUSTRIAL_FEATURE,SCREENING,way,225236351.0,Lalpur,,,substation,,1.621
EVT_20260316_0017,jamnagar,22.40389,69.85317,2026-03-16,826,1,1,N21,8.48,NEARBY_OSM_INDUSTRIAL_FEATURE,SCREENING,way,139793158.0,,,industrial,,,0.947
EVT_20260316_0018,jamnagar,22.33952,69.85422,2026-03-16,2055,1,1,N21,2.39,OSM_FEATURE_INTERSECTION,HIGH,way,91585872.0,Reliance Refinery,refinery,industrial,,,0.0
EVT_20260317_0019,jamnagar,22.39936,69.86004,2026-03-17,807,1,1,N21,12.98,NEARBY_OSM_INDUSTRIAL_FEATURE,SCREENING,way,139793158.0,,,industrial,,,0.275
EVT_20260317_0020,jamnagar,22.42875,69.83257,2026-03-17,2036,1,1,N21,1.21,OSM_FEATURE_INTERSECTION,HIGH,way,321060506.0,SHREE DIGVIJAY CEMENT,,industrial,,,0.0
EVT_20260318_0021,jamnagar,22.20309,69.89776,2026-03-18,750,1,1,N21,3.64,NEARBY_OSM_INDUSTRIAL_FEATURE,SCREENING,way,440206109.0,Moti Rafudad,,,substation,,3.522
EVT_20260318_0022,jamnagar,22.433355,69.99164,2026-03-18,930,2,1,N21,26.69,NEARBY_OSM_INDUSTRIAL_FEATURE,SCREENING,way,984259059.0,,,industrial,,,0.602
EVT_20260319_0023,jamnagar,22.32976,69.75134,2026-03-19,2140,1,1,N21,1.01,OSM_FEATURE_INTERSECTION,HIGH,way,197338462.0,Vadinar Refinery,oil,industrial,,,0.0
EVT_20260319_0024,jamnagar,22.33289,69.86809,2026-03-19,2140,1,1,N21,1.98,OSM_FEATURE_INTERSECTION,HIGH,way,91585872.0,Reliance Refinery,refinery,industrial,,,0.0
EVT_20260319_0025,jamnagar,22.34099,69.85595,2026-03-19,2140,1,1,N21,1.0,OSM_FEATURE_INTERSECTION,HIGH,way,91585872.0,Reliance Refinery,refinery,industrial,,,0.0
EVT_20260319_0026,jamnagar,22.42703,69.83289,2026-03-19,2140,1,1,N21,0.49,OSM_FEATURE_INTERSECTION,HIGH,way,512087981.0,Sikka,,,substation,,0.0
EVT_20260320_0027,jamnagar,22.31723,69.79076,2026-03-20,852,1,1,N21,4.8,NEARBY_OSM_INDUSTRIAL_FEATURE,SCREENING,way,197338462.0,Vadinar Refinery,oil,industrial,,,2.346
EVT_20260320_0028,jamnagar,22.35819,69.79417,2026-03-20,852,1,1,N21,10.85,NEARBY_OSM_INDUSTRIAL_FEATURE,SCREENING,way,197338462.0,Vadinar Refinery,oil,industrial,,,2.215
EVT_20260321_0029,jamnagar,22.29692,69.99956,2026-03-21,835,1,1,N21,6.03,NEARBY_OSM_INDUSTRIAL_FEATURE,SCREENING,way,1263638688.0,,,industrial,plant,,1.719
EVT_20260321_0030,jamnagar,22.32512,69.82381,2026-03-21,835,1,1,N21,7.8,NEARBY_OSM_INDUSTRIAL_FEATURE,SCREENING,way,91585872.0,Reliance Refinery,refinery,industrial,,,1.622
EVT_20260321_0031,jamnagar,22.44778,69.98093,2026-03-21,835,1,1,N21,3.38,NEARBY_OSM_INDUSTRIAL_FEATURE,SCREENING,way,984259059.0,,,industrial,,,2.473
EVT_20260321_0032,jamnagar,22.44946,69.99204,2026-03-21,835,1,1,N21,1.08,NEARBY_OSM_INDUSTRIAL_FEATURE,SCREENING,way,984259059.0,,,industrial,,,2.082
EVT_20260321_0033,jamnagar,22.45982,69.97122,2026-03-21,835,1,1,N21,3.41,NEARBY_OSM_INDUSTRIAL_FEATURE,SCREENING,way,984259062.0,,,industrial,,,3.788
EVT_20260321_0034,jamnagar,22.33971,69.8543,2026-03-21,2101,1,1,N21,2.13,OSM_FEATURE_INTERSECTION,HIGH,way,91585872.0,Reliance Refinery,refinery,industrial,,,0.0
EVT_20260322_0035,jamnagar,22.43778,69.99409,2026-03-22,813,1,1,N21,11.25,NEARBY_OSM_INDUSTRIAL_FEATURE,SCREENING,way,984259059.0,,,industrial,,,0.782
EVT_20260325_0036,jamnagar,22.38413,69.9849,2026-03-25,858,1,1,N21,13.79,NO_NEARBY_OSM_FEATURE,NONE,,,,,,,,
EVT_20260325_0037,jamnagar,22.42959,69.83186,2026-03-25,2125,1,1,N21,1.34,NEARBY_OSM_INDUSTRIAL_FEATURE,SCREENING,way,321060506.0,SHREE DIGVIJAY CEMENT,,industrial,,,0.05
EVT_20260326_0038,jamnagar,22.35593,69.79166,2026-03-26,839,1,1,N21,15.67,NEARBY_OSM_INDUSTRIAL_FEATURE,SCREENING,way,197338462.0,Vadinar Refinery,oil,industrial,,,1.944
EVT_20260326_0039,jamnagar,22.43152,69.97115,2026-03-26,839,1,1,N21,15.39,NEARBY_OSM_INDUSTRIAL_FEATURE,SCREENING,way,984259062.0,,,industrial,,,2.393
EVT_20260326_0040,jamnagar,22.3382,69.85419,2026-03-26,2108,1,1,N21,2.15,OSM_FEATURE_INTERSECTION,HIGH,way,91585872.0,Reliance Refinery,refinery,industrial,,,0.0
EVT_20260327_0041,jamnagar,22.37992,69.95703,2026-03-27,820,1,1,N21,28.55,NEARBY_OSM_INDUSTRIAL_FEATURE,SCREENING,way,1144541890.0,Pipli,,,substation,,3.02
EVT_20260327_0042,jamnagar,22.3405,69.85612,2026-03-27,2049,1,1,N21,3.15,OSM_FEATURE_INTERSECTION,HIGH,way,91585872.0,Reliance Refinery,refinery,industrial,,,0.0
EVT_20260327_0043,jamnagar,22.43019,69.83276,2026-03-27,2049,1,1,N21,1.41,OSM_FEATURE_INTERSECTION,HIGH,way,321060506.0,SHREE DIGVIJAY CEMENT,,industrial,,,0.0
EVT_20260328_0044,jamnagar,22.29349,69.98151,2026-03-28,803,1,1,N21,3.08,NEARBY_OSM_INDUSTRIAL_FEATURE,SCREENING,way,1263638688.0,,,industrial,plant,,1.767
EVT_20260328_0045,jamnagar,22.4136,69.89274,2026-03-28,803,1,1,N21,13.36,NEARBY_OSM_INDUSTRIAL_FEATURE,SCREENING,way,227055220.0,Sapar,,,substation,,1.421
EVT_20260328_0046,jamnagar,22.33166,69.86633,2026-03-28,2029,1,1,N21,2.96,OSM_FEATURE_INTERSECTION,HIGH,way,91585872.0,Reliance Refinery,refinery,industrial,,,0.0
EVT_20260330_0047,jamnagar,22.33843,69.85404,2026-03-30,2131,1,1,N21,3.81,OSM_FEATURE_INTERSECTION,HIGH,way,91585872.0,Reliance Refinery,refinery,industrial,,,0.0
EVT_20260331_0048,jamnagar,22.25853,69.89301,2026-03-31,845,1,1,N21,18.98,NEARBY_OSM_INDUSTRIAL_FEATURE,SCREENING,way,440206109.0,Moti Rafudad,,,substation,,2.781
EVT_20260331_0049,jamnagar,22.33841,69.85287,2026-03-31,2114,1,1,N21,2.98,OSM_FEATURE_INTERSECTION,HIGH,way,91585872.0,Reliance Refinery,refinery,industrial,,,0.0
EVT_20260405_0050,jamnagar,22.33744,69.71162,2026-04-05,852,1,1,N21,7.06,NEARBY_OSM_INDUSTRIAL_FEATURE,SCREENING,way,223725824.0,Essar Power,,industrial,plant,,1.741
EVT_20260406_0051,jamnagar,22.33615,69.86816,2026-04-06,2101,1,1,N21,1.62,OSM_FEATURE_INTERSECTION,HIGH,way,91585872.0,Reliance Refinery,refinery,industrial,,,0.0
EVT_20260406_0052,jamnagar,22.33846,69.85339,2026-04-06,2101,1,1,N21,2.21,OSM_FEATURE_INTERSECTION,HIGH,way,91585872.0,Reliance Refinery,refinery,industrial,,,0.0
EVT_20260408_0053,jamnagar,22.39186,69.87063,2026-04-08,756,1,1,N21,1.67,NEARBY_OSM_INDUSTRIAL_FEATURE,SCREENING,way,139793158.0,,,industrial,,,0.944
EVT_20260408_0054,jamnagar,22.31271,69.71579,2026-04-08,2023,2,1,N21,1.01,NEARBY_OSM_INDUSTRIAL_FEATURE,SCREENING,way,223725824.0,Essar Power,,industrial,plant,,0.123
EVT_20260409_0055,jamnagar,22.33046,69.739225,2026-04-09,2146,2,1,N21,1.58,OSM_FEATURE_INTERSECTION,HIGH,way,197338462.0,Vadinar Refinery,oil,industrial,,,0.0
EVT_20260410_0056,jamnagar,22.39724,69.82426,2026-04-10,858,1,1,N21,4.68,NEARBY_OSM_INDUSTRIAL_FEATURE,SCREENING,way,684109100.0,,,industrial,,,1.315
EVT_20260410_0057,jamnagar,22.331725,69.73709,2026-04-10,2125,2,1,N21,1.97,OSM_FEATURE_INTERSECTION,HIGH,way,197338462.0,Vadinar Refinery,oil,industrial,,,0.0
EVT_20260410_0058,jamnagar,22.43124,69.83454,2026-04-10,2125,1,1,N21,1.1,OSM_FEATURE_INTERSECTION,HIGH,way,321060506.0,SHREE DIGVIJAY CEMENT,,industrial,,,0.0
EVT_20260411_0059,jamnagar,22.33292,69.7366,2026-04-11,2108,1,1,N21,1.72,OSM_FEATURE_INTERSECTION,HIGH,way,197338462.0,Vadinar Refinery,oil,industrial,,,0.0
EVT_20260412_0060,jamnagar,22.33247,69.73551,2026-04-12,2046,1,1,N21,1.92,OSM_FEATURE_INTERSECTION,HIGH,way,197338462.0,Vadinar Refinery,oil,industrial,,,0.0
EVT_20260414_0061,jamnagar,22.33009,69.73493,2026-04-14,2153,1,1,N21,1.82,OSM_FEATURE_INTERSECTION,HIGH,way,197338462.0,Vadinar Refinery,oil,industrial,,,0.0
EVT_20260418_0062,jamnagar,22.45119,69.98673,2026-04-18,807,1,1,N21,13.65,NEARBY_OSM_INDUSTRIAL_FEATURE,SCREENING,way,984259059.0,,,industrial,,,2.452
EVT_20260419_0063,jamnagar,22.20879,69.74622,2026-04-19,750,1,1,N21,9.06,NO_NEARBY_OSM_FEATURE,NONE,,,,,,,,
EVT_20260422_0064,jamnagar,22.33941,69.85428,2026-04-22,2101,1,1,N21,3.21,OSM_FEATURE_INTERSECTION,HIGH,way,91585872.0,Reliance Refinery,refinery,industrial,,,0.0
EVT_20260501_0065,jamnagar,22.41263,69.93995,2026-05-01,905,1,1,N21,6.97,NEARBY_OSM_INDUSTRIAL_FEATURE,SCREENING,way,984259062.0,,,industrial,,,2.222
EVT_20260501_0066,jamnagar,22.41554,69.92569,2026-05-01,2131,1,1,N21,1.09,NEARBY_OSM_INDUSTRIAL_FEATURE,SCREENING,way,984259062.0,,,industrial,,,2.811
EVT_20260502_0067,jamnagar,22.25767,69.79171,2026-05-02,845,1,1,N21,16.38,NEARBY_OSM_INDUSTRIAL_FEATURE,SCREENING,way,512087951.0,Modpar,,,substation,,0.165
EVT_20260503_0068,jamnagar,22.35215,69.8322,2026-05-03,826,1,1,N21,8.14,NEARBY_OSM_INDUSTRIAL_FEATURE,SCREENING,way,91585872.0,Reliance Refinery,refinery,industrial,,,0.643
EVT_20260505_0069,jamnagar,22.32329,69.87823,2026-05-05,2019,2,1,N21,4.16,OSM_FEATURE_INTERSECTION,HIGH,way,91585872.0,Reliance Refinery,refinery,industrial,,,0.0
EVT_20260506_0070,jamnagar,22.2946,69.934085,2026-05-06,909,2,1,N21,6.21,NEARBY_OSM_INDUSTRIAL_FEATURE,SCREENING,way,1159186269.0,,,industrial,,,2.233
EVT_20260506_0071,jamnagar,22.33965,69.86987,2026-05-06,2138,1,1,N21,2.09,OSM_FEATURE_INTERSECTION,HIGH,way,91585872.0,Reliance Refinery,refinery,industrial,,,0.0
EVT_20260511_0072,jamnagar,22.32724,69.73833,2026-05-11,2144,1,1,N21,1.26,OSM_FEATURE_INTERSECTION,HIGH,way,197338462.0,Vadinar Refinery,oil,industrial,,,0.0
EVT_20260512_0073,jamnagar,22.32963,69.73843,2026-05-12,2125,1,1,N21,9.71,OSM_FEATURE_INTERSECTION,HIGH,way,197338462.0,Vadinar Refinery,oil,industrial,,,0.0
EVT_20260513_0074,jamnagar,22.33224,69.73727,2026-05-13,837,1,1,N21,9.88,OSM_FEATURE_INTERSECTION,HIGH,way,197338462.0,Vadinar Refinery,oil,industrial,,,0.0
EVT_20260513_0075,jamnagar,22.331325,69.735005,2026-05-13,2108,2,1,N21,1.18,OSM_FEATURE_INTERSECTION,HIGH,way,197338462.0,Vadinar Refinery,oil,industrial,,,0.0
EVT_20260514_0076,jamnagar,22.3218,69.88053,2026-05-14,2046,2,1,N21,3.59,OSM_FEATURE_INTERSECTION,HIGH,way,91585872.0,Reliance Refinery,refinery,industrial,,,0.0
EVT_20260514_0077,jamnagar,22.33146,69.734295,2026-05-14,2046,2,1,N21,3.17,OSM_FEATURE_INTERSECTION,HIGH,way,197338462.0,Vadinar Refinery,oil,industrial,,,0.0
EVT_20260515_0078,jamnagar,22.33148,69.73385,2026-05-15,2029,1,1,N21,8.27,OSM_FEATURE_INTERSECTION,HIGH,way,197338462.0,Vadinar Refinery,oil,industrial,,,0.0
EVT_20260516_0079,jamnagar,22.330675,69.735048,2026-05-16,741,4,1,N21,10.05,OSM_FEATURE_INTERSECTION,HIGH,way,197338462.0,Vadinar Refinery,oil,industrial,,,0.0
EVT_20260516_0080,jamnagar,22.332375,69.738385,2026-05-16,2153,2,1,N21,6.64,OSM_FEATURE_INTERSECTION,HIGH,way,197338462.0,Vadinar Refinery,oil,industrial,,,0.0
EVT_20260520_0081,jamnagar,22.33221,69.73236,2026-05-20,2036,2,1,N21,5.27,NEARBY_OSM_INDUSTRIAL_FEATURE,SCREENING,way,197338462.0,Vadinar Refinery,oil,industrial,,,0.022
EVT_20260521_0082,jamnagar,22.33461,69.73081,2026-05-21,748,1,1,N21,3.31,NEARBY_OSM_INDUSTRIAL_FEATURE,SCREENING,way,197338462.0,Vadinar Refinery,oil,industrial,,,0.329
EVT_20260521_0083,jamnagar,22.3301,69.73223,2026-05-21,2017,1,1,N21,1.48,OSM_FEATURE_INTERSECTION,HIGH,way,197338462.0,Vadinar Refinery,oil,industrial,,,0.0
EVT_20260522_0084,jamnagar,22.310075,69.720255,2026-05-22,2138,2,1,N21,1.01,OSM_FEATURE_INTERSECTION,HIGH,way,197338462.0,Vadinar Refinery,oil,industrial,,,0.0
EVT_20260522_0085,jamnagar,22.33207,69.73598,2026-05-22,2138,1,1,N21,6.76,OSM_FEATURE_INTERSECTION,HIGH,way,197338462.0,Vadinar Refinery,oil,industrial,,,0.0
EVT_20260523_0086,jamnagar,22.33337,69.73755,2026-05-23,852,1,1,N21,16.01,OSM_FEATURE_INTERSECTION,HIGH,way,197338462.0,Vadinar Refinery,oil,industrial,,,0.0
EVT_20260523_0087,jamnagar,22.3384,69.85451,2026-05-23,2121,1,1,N21,1.97,OSM_FEATURE_INTERSECTION,HIGH,way,91585872.0,Reliance Refinery,refinery,industrial,,,0.0
EVT_20260524_0088,jamnagar,22.29005,69.74286,2026-05-24,833,1,1,N21,4.55,NEARBY_OSM_INDUSTRIAL_FEATURE,SCREENING,way,197338462.0,Vadinar Refinery,oil,industrial,,,2.247
EVT_20260524_0089,jamnagar,22.331155,69.735595,2026-05-24,833,2,1,N21,11.06,OSM_FEATURE_INTERSECTION,HIGH,way,197338462.0,Vadinar Refinery,oil,industrial,,,0.0
EVT_20260527_0090,jamnagar,22.331953,69.73161,2026-05-27,2004,3,1,N21,6.4,NEARBY_OSM_INDUSTRIAL_FEATURE,SCREENING,way,197338462.0,Vadinar Refinery,oil,industrial,,,0.05
EVT_20260527_0091,jamnagar,22.347947,69.751813,2026-05-27,2004,3,1,N21,2.75,OSM_FEATURE_INTERSECTION,HIGH,way,197338462.0,Vadinar Refinery,oil,industrial,,,0.0
EVT_20260529_0092,jamnagar,22.33627,69.86784,2026-05-29,2108,1,1,N21,1.95,OSM_FEATURE_INTERSECTION,HIGH,way,91585872.0,Reliance Refinery,refinery,industrial,,,0.0
EVT_20260601_0093,jamnagar,22.329155,69.738215,2026-06-01,2104,2,2,"N20,N21",1.72,OSM_FEATURE_INTERSECTION,HIGH,way,197338462.0,Vadinar Refinery,oil,industrial,,,0.0
EVT_20260603_0094,jamnagar,22.33898,69.85458,2026-06-03,2114,1,1,N21,2.16,OSM_FEATURE_INTERSECTION,HIGH,way,91585872.0,Reliance Refinery,refinery,industrial,,,0.0
EVT_20260604_0095,jamnagar,22.32907,69.740595,2026-06-04,920,2,1,N20,2.63,OSM_FEATURE_INTERSECTION,HIGH,way,197338462.0,Vadinar Refinery,oil,industrial,,,0.0
EVT_20260606_0096,jamnagar,22.34049,69.85591,2026-06-06,2110,1,1,N20,3.51,OSM_FEATURE_INTERSECTION,HIGH,way,91585872.0,Reliance Refinery,refinery,industrial,,,0.0
EVT_20260608_0097,jamnagar,22.31896,69.884235,2026-06-08,2121,2,1,N21,4.54,OSM_FEATURE_INTERSECTION,HIGH,way,91585872.0,Reliance Refinery,refinery,industrial,,,0.0
EVT_20260609_0098,jamnagar,22.32029,69.884985,2026-06-09,833,2,2,"N20,N21",14.6,NEARBY_OSM_INDUSTRIAL_FEATURE,SCREENING,way,91585872.0,Reliance Refinery,refinery,industrial,,,0.032
EVT_20260609_0099,jamnagar,22.322763,69.88063,2026-06-09,2014,21,2,"N20,N21",16.63,OSM_FEATURE_INTERSECTION,HIGH,way,91585872.0,Reliance Refinery,refinery,industrial,,,0.0
EVT_20260612_0100,jamnagar,22.33482,69.8681,2026-06-12,2057,1,1,N20,2.24,OSM_FEATURE_INTERSECTION,HIGH,way,91585872.0,Reliance Refinery,refinery,industrial,,,0.0
EVT_20260614_0101,jamnagar,22.34205,69.8616,2026-06-14,2019,1,1,N20,3.86,OSM_FEATURE_INTERSECTION,HIGH,way,91585872.0,Reliance Refinery,refinery,industrial,,,0.0
EVT_20260615_0102,jamnagar,22.343095,69.86753,2026-06-15,2046,2,2,"N20,N21",3.97,OSM_FEATURE_INTERSECTION,HIGH,way,91585872.0,Reliance Refinery,refinery,industrial,,,0.0
EVT_20260617_0103,jamnagar,22.320727,69.87794,2026-06-17,2010,3,2,"N20,N21",3.47,OSM_FEATURE_INTERSECTION,HIGH,way,91585872.0,Reliance Refinery,refinery,industrial,,,0.0
EVT_20260617_0104,jamnagar,22.3363,69.86761,2026-06-17,2104,1,1,N20,2.02,OSM_FEATURE_INTERSECTION,HIGH,way,91585872.0,Reliance Refinery,refinery,industrial,,,0.0
EVT_20260619_0105,jamnagar,22.33996,69.85391,2026-06-19,2114,1,1,N21,3.09,OSM_FEATURE_INTERSECTION,HIGH,way,91585872.0,Reliance Refinery,refinery,industrial,,,0.0
EVT_20260620_0106,jamnagar,22.34022,69.85422,2026-06-20,2053,1,1,N21,4.58,OSM_FEATURE_INTERSECTION,HIGH,way,91585872.0,Reliance Refinery,refinery,industrial,,,0.0
EVT_20260621_0107,jamnagar,22.4379,69.91242,2026-06-21,900,1,1,N20,2.53,NEARBY_OSM_INDUSTRIAL_FEATURE,SCREENING,way,984259062.0,,,industrial,,,3.542
EVT_20260622_0108,jamnagar,22.33511,69.86858,2026-06-22,2110,1,1,N20,3.85,OSM_FEATURE_INTERSECTION,HIGH,way,91585872.0,Reliance Refinery,refinery,industrial,,,0.0
EVT_20260623_0109,jamnagar,22.33834,69.868,2026-06-23,2051,1,1,N20,2.59,OSM_FEATURE_INTERSECTION,HIGH,way,91585872.0,Reliance Refinery,refinery,industrial,,,0.0
EVT_20260623_0110,jamnagar,22.34016,69.85503,2026-06-23,2051,1,1,N20,2.99,OSM_FEATURE_INTERSECTION,HIGH,way,91585872.0,Reliance Refinery,refinery,industrial,,,0.0
EVT_20260625_0111,jamnagar,22.33689,69.86764,2026-06-25,2059,1,1,N21,4.65,OSM_FEATURE_INTERSECTION,HIGH,way,91585872.0,Reliance Refinery,refinery,industrial,,,0.0
EVT_20260627_0112,jamnagar,22.32294,69.88258,2026-06-27,2116,1,1,N20,3.05,OSM_FEATURE_INTERSECTION,HIGH,way,91585872.0,Reliance Refinery,refinery,industrial,,,0.0
EVT_20260627_0113,jamnagar,22.3391,69.85394,2026-06-27,2116,1,1,N20,3.08,OSM_FEATURE_INTERSECTION,HIGH,way,91585872.0,Reliance Refinery,refinery,industrial,,,0.0
EVT_20260628_0114,jamnagar,22.33986,69.85631,2026-06-28,2057,1,1,N20,1.18,OSM_FEATURE_INTERSECTION,HIGH,way,91585872.0,Reliance Refinery,refinery,industrial,,,0.0
EVT_20260629_0115,jamnagar,22.33484,69.86742,2026-06-29,2125,1,1,N21,3.72,OSM_FEATURE_INTERSECTION,HIGH,way,91585872.0,Reliance Refinery,refinery,industrial,,,0.0
EVT_20260629_0116,jamnagar,22.33735,69.85474,2026-06-29,2125,1,1,N21,4.19,OSM_FEATURE_INTERSECTION,HIGH,way,91585872.0,Reliance Refinery,refinery,industrial,,,0.0
EVT_20260630_0117,jamnagar,22.33558,69.86704,2026-06-30,2108,1,1,N21,3.66,OSM_FEATURE_INTERSECTION,HIGH,way,91585872.0,Reliance Refinery,refinery,industrial,,,0.0
EVT_20260630_0118,jamnagar,22.33749,69.85552,2026-06-30,2108,1,1,N21,4.4,OSM_FEATURE_INTERSECTION,HIGH,way,91585872.0,Reliance Refinery,refinery,industrial,,,0.0
EVT_20260708_0119,jamnagar,22.33493,69.86871,2026-07-08,2110,1,1,N20,3.26,OSM_FEATURE_INTERSECTION,HIGH,way,91585872.0,Reliance Refinery,refinery,industrial,,,0.0
EVT_20260716_0120,jamnagar,22.3349,69.86817,2026-07-16,2201,1,1,N20,4.27,OSM_FEATURE_INTERSECTION,HIGH,way,91585872.0,Reliance Refinery,refinery,industrial,,,0.0
EVT_20260718_0121,jamnagar,22.33016,69.86285,2026-07-18,2029,1,1,N21,5.78,OSM_FEATURE_INTERSECTION,HIGH,way,91585872.0,Reliance Refinery,refinery,industrial,,,0.0
EVT_20260804_0122,jamnagar,22.34027,69.85518,2026-08-04,2106,1,1,N20,1.84,OSM_FEATURE_INTERSECTION,HIGH,way,91585872.0,Reliance Refinery,refinery,industrial,,,0.0
EVT_20260809_0123,jamnagar,22.33785,69.86696,2026-08-09,2112,1,1,N20,1.23,OSM_FEATURE_INTERSECTION,HIGH,way,91585872.0,Reliance Refinery,refinery,industrial,,,0.0
EVT_20260809_0124,jamnagar,22.33982,69.85525,2026-08-09,2112,1,1,N20,1.06,OSM_FEATURE_INTERSECTION,HIGH,way,91585872.0,Reliance Refinery,refinery,industrial,,,0.0
EVT_20260814_0125,jamnagar,22.33806,69.85318,2026-08-14,2023,1,1,N21,2.08,OSM_FEATURE_INTERSECTION,HIGH,way,91585872.0,Reliance Refinery,refinery,industrial,,,0.0
EVT_20260824_0126,jamnagar,22.341883,69.867067,2026-08-24,2036,7,2,"N20,N21",7.01,OSM_FEATURE_INTERSECTION,HIGH,way,91585872.0,Reliance Refinery,refinery,industrial,,,0.0
EVT_20260825_0127,jamnagar,22.340585,69.85508,2026-08-25,2112,2,1,N20,3.06,OSM_FEATURE_INTERSECTION,HIGH,way,91585872.0,Reliance Refinery,refinery,industrial,,,0.0
EVT_20260826_0128,jamnagar,22.321085,69.88206,2026-08-26,2053,2,1,N20,1.49,OSM_FEATURE_INTERSECTION,HIGH,way,91585872.0,Reliance Refinery,refinery,industrial,,,0.0
