event_id,latitude,longitude,event_date,event_start_time,max_frp,observation_count,source_class,classification_confidence,industrial_evidence_score,evidence,osm_intersections,osm_nearby_features,nearest_osm_name,nearest_osm_distance_m,nearest_osm_strength
EVT_20260301_0001,22.43036,69.83382,2026-03-01,2036,0.59,1,INDUSTRIAL_ASSOCIATED,HIGH,5,thermal_point_intersects_osm_feature;industrial_feature_nearby,1,4,SHREE DIGVIJAY CEMENT,0.0,MODERATE
EVT_20260302_0002,22.43116,69.83365,2026-03-02,2018,0.63,1,INDUSTRIAL_ASSOCIATED,HIGH,5,thermal_point_intersects_osm_feature;industrial_feature_nearby,1,4,SHREE DIGVIJAY CEMENT,0.0,MODERATE
EVT_20260303_0003,22.42865,69.83251,2026-03-03,2140,0.82,1,INDUSTRIAL_ASSOCIATED,HIGH,5,thermal_point_intersects_osm_feature;industrial_feature_nearby,1,5,SHREE DIGVIJAY CEMENT,0.0,MODERATE
EVT_20260304_0004,22.33814,69.8543,2026-03-04,2120,3.88,1,INDUSTRIAL_ASSOCIATED,HIGH,8,thermal_point_intersects_osm_feature;strong_industrial_feature_nearby;industrial_feature_nearby,1,42,Reliance Refinery,0.0,STRONG
EVT_20260305_0005,22.33741,69.85396,2026-03-05,2101,1.5,2,INDUSTRIAL_ASSOCIATED,HIGH,8,thermal_point_intersects_osm_feature;strong_industrial_feature_nearby;industrial_feature_nearby,1,43,Reliance Refinery,0.0,STRONG
EVT_20260305_0006,22.33673,69.869,2026-03-05,2101,2.84,1,INDUSTRIAL_ASSOCIATED,HIGH,8,thermal_point_intersects_osm_feature;strong_industrial_feature_nearby;industrial_feature_nearby,1,19,Reliance Refinery,0.0,STRONG
EVT_20260305_0007,22.43112,69.83326,2026-03-05,2101,1.2,1,INDUSTRIAL_ASSOCIATED,HIGH,5,thermal_point_intersects_osm_feature;industrial_feature_nearby,1,4,SHREE DIGVIJAY CEMENT,0.0,MODERATE
EVT_20260309_0008,22.408525,69.884515,2026-03-09,858,5.17,2,UNKNOWN,LOW,0,,0,0,,,
EVT_20260309_0009,22.33847,69.85462,2026-03-09,2125,3.22,1,INDUSTRIAL_ASSOCIATED,HIGH,8,thermal_point_intersects_osm_feature;strong_industrial_feature_nearby;industrial_feature_nearby,1,40,Reliance Refinery,0.0,STRONG
EVT_20260309_0010,22.42984,69.83475,2026-03-09,2125,1.25,1,INDUSTRIAL_ASSOCIATED,HIGH,5,thermal_point_intersects_osm_feature;industrial_feature_nearby,1,4,SHREE DIGVIJAY CEMENT,0.0,MODERATE
EVT_20260310_0011,22.33586,69.86778,2026-03-10,2108,2.55,1,INDUSTRIAL_ASSOCIATED,HIGH,8,thermal_point_intersects_osm_feature;strong_industrial_feature_nearby;industrial_feature_nearby,1,23,Reliance Refinery,0.0,STRONG
EVT_20260310_0012,22.3378,69.85616,2026-03-10,2108,3.2,1,INDUSTRIAL_ASSOCIATED,HIGH,8,thermal_point_intersects_osm_feature;strong_industrial_feature_nearby;industrial_feature_nearby,1,38,Reliance Refinery,0.0,STRONG
EVT_20260310_0013,22.43023,69.83325,2026-03-10,2108,0.93,1,INDUSTRIAL_ASSOCIATED,HIGH,5,thermal_point_intersects_osm_feature;industrial_feature_nearby,1,4,SHREE DIGVIJAY CEMENT,0.0,MODERATE
EVT_20260311_0014,22.34086,69.85392,2026-03-11,2049,2.06,1,INDUSTRIAL_ASSOCIATED,HIGH,8,thermal_point_intersects_osm_feature;strong_industrial_feature_nearby;industrial_feature_nearby,1,31,Reliance Refinery,0.0,STRONG
EVT_20260313_0015,22.31238,69.85453,2026-03-13,2012,0.99,1,INDUSTRIAL_ASSOCIATED,HIGH,8,thermal_point_intersects_osm_feature;strong_industrial_feature_nearby;industrial_feature_nearby,1,2,Reliance Refinery,0.0,STRONG
EVT_20260314_0016,22.20038,69.95724,2026-03-14,905,20.71,1,UNKNOWN,LOW,0,,0,0,,,
EVT_20260316_0017,22.40389,69.85317,2026-03-16,826,8.48,1,INDUSTRIAL_ASSOCIATED,MEDIUM,2,industrial_feature_nearby,0,1,,943.4539491470094,MODERATE
EVT_20260316_0018,22.33952,69.85422,2026-03-16,2055,2.39,1,INDUSTRIAL_ASSOCIATED,HIGH,8,thermal_point_intersects_osm_feature;strong_industrial_feature_nearby;industrial_feature_nearby,1,35,Reliance Refinery,0.0,STRONG
EVT_20260317_0019,22.39936,69.86004,2026-03-17,807,12.98,1,INDUSTRIAL_ASSOCIATED,MEDIUM,2,industrial_feature_nearby,0,1,,274.3979393933029,MODERATE
EVT_20260317_0020,22.42875,69.83257,2026-03-17,2036,1.21,1,INDUSTRIAL_ASSOCIATED,HIGH,5,thermal_point_intersects_osm_feature;industrial_feature_nearby,1,4,SHREE DIGVIJAY CEMENT,0.0,MODERATE
EVT_20260318_0021,22.20309,69.89776,2026-03-18,750,3.64,1,UNKNOWN,LOW,0,,0,0,,,
EVT_20260318_0022,22.433355,69.99164,2026-03-18,930,26.69,2,INDUSTRIAL_ASSOCIATED,MEDIUM,2,industrial_feature_nearby,0,1,,600.2656892505447,MODERATE
EVT_20260319_0023,22.32976,69.75134,2026-03-19,2140,1.01,1,INDUSTRIAL_ASSOCIATED,HIGH,6,thermal_point_intersects_osm_feature;strong_industrial_feature_nearby,1,37,Vadinar Refinery,0.0,STRONG
EVT_20260319_0024,22.33289,69.86809,2026-03-19,2140,1.98,1,INDUSTRIAL_ASSOCIATED,HIGH,8,thermal_point_intersects_osm_feature;strong_industrial_feature_nearby;industrial_feature_nearby,1,28,Reliance Refinery,0.0,STRONG
EVT_20260319_0025,22.34099,69.85595,2026-03-19,2140,1.0,1,INDUSTRIAL_ASSOCIATED,HIGH,8,thermal_point_intersects_osm_feature;strong_industrial_feature_nearby;industrial_feature_nearby,1,34,Reliance Refinery,0.0,STRONG
EVT_20260319_0026,22.42703,69.83289,2026-03-19,2140,0.49,1,INDUSTRIAL_ASSOCIATED,HIGH,5,thermal_point_intersects_osm_feature;industrial_feature_nearby,1,5,Sikka,0.0,WEAK
EVT_20260320_0027,22.31723,69.79076,2026-03-20,852,4.8,1,UNKNOWN,LOW,0,,0,0,,,
EVT_20260320_0028,22.35819,69.79417,2026-03-20,852,10.85,1,UNKNOWN,LOW,0,,0,0,,,
EVT_20260321_0029,22.29692,69.99956,2026-03-21,835,6.03,1,UNKNOWN,LOW,0,,0,0,,,
EVT_20260321_0030,22.32512,69.82381,2026-03-21,835,7.8,1,UNKNOWN,LOW,0,,0,0,,,
EVT_20260321_0031,22.44778,69.98093,2026-03-21,835,3.38,1,UNKNOWN,LOW,0,,0,0,,,
EVT_20260321_0032,22.44946,69.99204,2026-03-21,835,1.08,1,UNKNOWN,LOW,0,,0,0,,,
EVT_20260321_0033,22.45982,69.97122,2026-03-21,835,3.41,1,UNKNOWN,LOW,0,,0,0,,,
EVT_20260321_0034,22.33971,69.8543,2026-03-21,2101,2.13,1,INDUSTRIAL_ASSOCIATED,HIGH,8,thermal_point_intersects_osm_feature;strong_industrial_feature_nearby;industrial_feature_nearby,1,36,Reliance Refinery,0.0,STRONG
EVT_20260322_0035,22.43778,69.99409,2026-03-22,813,11.25,1,INDUSTRIAL_ASSOCIATED,MEDIUM,2,industrial_feature_nearby,0,1,,779.1222766284602,MODERATE
EVT_20260325_0036,22.38413,69.9849,2026-03-25,858,13.79,1,UNKNOWN,LOW,0,,0,0,,,
EVT_20260325_0037,22.42959,69.83186,2026-03-25,2125,1.34,1,INDUSTRIAL_ASSOCIATED,MEDIUM,2,industrial_feature_nearby,0,4,SHREE DIGVIJAY CEMENT,49.569108971876545,MODERATE
EVT_20260326_0038,22.35593,69.79166,2026-03-26,839,15.67,1,UNKNOWN,LOW,0,,0,0,,,
EVT_20260326_0039,22.43152,69.97115,2026-03-26,839,15.39,1,UNKNOWN,LOW,0,,0,0,,,
EVT_20260326_0040,22.3382,69.85419,2026-03-26,2108,2.15,1,INDUSTRIAL_ASSOCIATED,HIGH,8,thermal_point_intersects_osm_feature;strong_industrial_feature_nearby;industrial_feature_nearby,1,41,Reliance Refinery,0.0,STRONG
EVT_20260327_0041,22.37992,69.95703,2026-03-27,820,28.55,1,UNKNOWN,LOW,0,,0,0,,,
EVT_20260327_0042,22.3405,69.85612,2026-03-27,2049,3.15,1,INDUSTRIAL_ASSOCIATED,HIGH,8,thermal_point_intersects_osm_feature;strong_industrial_feature_nearby;industrial_feature_nearby,1,33,Reliance Refinery,0.0,STRONG
EVT_20260327_0043,22.43019,69.83276,2026-03-27,2049,1.41,1,INDUSTRIAL_ASSOCIATED,HIGH,5,thermal_point_intersects_osm_feature;industrial_feature_nearby,1,4,SHREE DIGVIJAY CEMENT,0.0,MODERATE
EVT_20260328_0044,22.29349,69.98151,2026-03-28,803,3.08,1,UNKNOWN,LOW,0,,0,0,,,
EVT_20260328_0045,22.4136,69.89274,2026-03-28,803,13.36,1,UNKNOWN,LOW,0,,0,0,,,
EVT_20260328_0046,22.33166,69.86633,2026-03-28,2029,2.96,1,INDUSTRIAL_ASSOCIATED,HIGH,8,thermal_point_intersects_osm_feature;strong_industrial_feature_nearby;industrial_feature_nearby,1,33,Reliance Refinery,0.0,STRONG
EVT_20260330_0047,22.33843,69.85404,2026-03-30,2131,3.81,1,INDUSTRIAL_ASSOCIATED,HIGH,8,thermal_point_intersects_osm_feature;strong_industrial_feature_nearby;industrial_feature_nearby,1,40,Reliance Refinery,0.0,STRONG
EVT_20260331_0048,22.25853,69.89301,2026-03-31,845,18.98,1,UNKNOWN,LOW,0,,0,0,,,
EVT_20260331_0049,22.33841,69.85287,2026-03-31,2114,2.98,1,INDUSTRIAL_ASSOCIATED,HIGH,8,thermal_point_intersects_osm_feature;strong_industrial_feature_nearby;industrial_feature_nearby,1,43,Reliance Refinery,0.0,STRONG
EVT_20260405_0050,22.33744,69.71162,2026-04-05,852,7.06,1,UNKNOWN,LOW,0,,0,0,,,
EVT_20260406_0051,22.33615,69.86816,2026-04-06,2101,1.62,1,INDUSTRIAL_ASSOCIATED,HIGH,8,thermal_point_intersects_osm_feature;strong_industrial_feature_nearby;industrial_feature_nearby,1,23,Reliance Refinery,0.0,STRONG
EVT_20260406_0052,22.33846,69.85339,2026-04-06,2101,2.21,1,INDUSTRIAL_ASSOCIATED,HIGH,8,thermal_point_intersects_osm_feature;strong_industrial_feature_nearby;industrial_feature_nearby,1,42,Reliance Refinery,0.0,STRONG
EVT_20260408_0053,22.39186,69.87063,2026-04-08,756,1.67,1,INDUSTRIAL_ASSOCIATED,MEDIUM,2,industrial_feature_nearby,0,1,,940.6835366717131,MODERATE
EVT_20260408_0054,22.31271,69.71579,2026-04-08,2023,1.01,2,INDUSTRIAL_ASSOCIATED,HIGH,5,strong_industrial_feature_nearby;industrial_feature_nearby,0,2,Essar Power,122.15623128695896,MODERATE
EVT_20260409_0055,22.33046,69.739225,2026-04-09,2146,1.58,2,INDUSTRIAL_ASSOCIATED,HIGH,8,thermal_point_intersects_osm_feature;strong_industrial_feature_nearby;industrial_feature_nearby,1,16,Vadinar Refinery,0.0,STRONG
EVT_20260410_0056,22.39724,69.82426,2026-04-10,858,4.68,1,UNKNOWN,LOW,0,,0,0,,,
EVT_20260410_0057,22.331725,69.73709,2026-04-10,2125,1.97,2,INDUSTRIAL_ASSOCIATED,HIGH,8,thermal_point_intersects_osm_feature;strong_industrial_feature_nearby;industrial_feature_nearby,1,16,Vadinar Refinery,0.0,STRONG
EVT_20260410_0058,22.43124,69.83454,2026-04-10,2125,1.1,1,INDUSTRIAL_ASSOCIATED,HIGH,5,thermal_point_intersects_osm_feature;industrial_feature_nearby,1,4,SHREE DIGVIJAY CEMENT,0.0,MODERATE
EVT_20260411_0059,22.33292,69.7366,2026-04-11,2108,1.72,1,INDUSTRIAL_ASSOCIATED,HIGH,8,thermal_point_intersects_osm_feature;strong_industrial_feature_nearby;industrial_feature_nearby,1,11,Vadinar Refinery,0.0,STRONG
EVT_20260412_0060,22.33247,69.73551,2026-04-12,2046,1.92,1,INDUSTRIAL_ASSOCIATED,HIGH,8,thermal_point_intersects_osm_feature;strong_industrial_feature_nearby;industrial_feature_nearby,1,10,Vadinar Refinery,0.0,STRONG
EVT_20260414_0061,22.33009,69.73493,2026-04-14,2153,1.82,1,INDUSTRIAL_ASSOCIATED,HIGH,8,thermal_point_intersects_osm_feature;strong_industrial_feature_nearby;industrial_feature_nearby,1,16,Vadinar Refinery,0.0,STRONG
EVT_20260418_0062,22.45119,69.98673,2026-04-18,807,13.65,1,UNKNOWN,LOW,0,,0,0,,,
EVT_20260419_0063,22.20879,69.74622,2026-04-19,750,9.06,1,UNKNOWN,LOW,0,,0,0,,,
EVT_20260422_0064,22.33941,69.85428,2026-04-22,2101,3.21,1,INDUSTRIAL_ASSOCIATED,HIGH,8,thermal_point_intersects_osm_feature;strong_industrial_feature_nearby;industrial_feature_nearby,1,35,Reliance Refinery,0.0,STRONG
EVT_20260501_0065,22.41263,69.93995,2026-05-01,905,6.97,1,UNKNOWN,LOW,0,,0,0,,,
EVT_20260501_0066,22.41554,69.92569,2026-05-01,2131,1.09,1,UNKNOWN,LOW,0,,0,0,,,
EVT_20260502_0067,22.25767,69.79171,2026-05-02,845,16.38,1,UNKNOWN,LOW,0,,0,1,Modpar,164.39198100688668,WEAK
EVT_20260503_0068,22.35215,69.8322,2026-05-03,826,8.14,1,INDUSTRIAL_ASSOCIATED,MEDIUM,3,strong_industrial_feature_nearby,0,2,Reliance Refinery,640.409878240169,STRONG
EVT_20260505_0069,22.32329,69.87823,2026-05-05,2019,4.16,2,INDUSTRIAL_ASSOCIATED,HIGH,8,thermal_point_intersects_osm_feature;strong_industrial_feature_nearby;industrial_feature_nearby,1,24,Reliance Refinery,0.0,STRONG
EVT_20260506_0070,22.2946,69.934085,2026-05-06,909,6.21,2,UNKNOWN,LOW,0,,0,0,,,
EVT_20260506_0071,22.33965,69.86987,2026-05-06,2138,2.09,1,INDUSTRIAL_ASSOCIATED,HIGH,8,thermal_point_intersects_osm_feature;strong_industrial_feature_nearby;industrial_feature_nearby,1,12,Reliance Refinery,0.0,STRONG
EVT_20260511_0072,22.32724,69.73833,2026-05-11,2144,1.26,1,INDUSTRIAL_ASSOCIATED,HIGH,8,thermal_point_intersects_osm_feature;strong_industrial_feature_nearby;industrial_feature_nearby,2,16,Vadinar Refinery,0.0,STRONG
EVT_20260512_0073,22.32963,69.73843,2026-05-12,2125,9.71,1,INDUSTRIAL_ASSOCIATED,HIGH,8,thermal_point_intersects_osm_feature;strong_industrial_feature_nearby;industrial_feature_nearby,1,16,Vadinar Refinery,0.0,STRONG
EVT_20260513_0074,22.33224,69.73727,2026-05-13,837,9.88,1,INDUSTRIAL_ASSOCIATED,HIGH,8,thermal_point_intersects_osm_feature;strong_industrial_feature_nearby;industrial_feature_nearby,1,16,Vadinar Refinery,0.0,STRONG
EVT_20260513_0075,22.331325,69.735005,2026-05-13,2108,1.18,2,INDUSTRIAL_ASSOCIATED,HIGH,8,thermal_point_intersects_osm_feature;strong_industrial_feature_nearby;industrial_feature_nearby,1,12,Vadinar Refinery,0.0,STRONG
EVT_20260514_0076,22.3218,69.88053,2026-05-14,2046,3.59,2,INDUSTRIAL_ASSOCIATED,HIGH,8,thermal_point_intersects_osm_feature;strong_industrial_feature_nearby;industrial_feature_nearby,1,14,Reliance Refinery,0.0,STRONG
EVT_20260514_0077,22.33146,69.734295,2026-05-14,2046,3.17,2,INDUSTRIAL_ASSOCIATED,HIGH,8,thermal_point_intersects_osm_feature;strong_industrial_feature_nearby;industrial_feature_nearby,1,12,Vadinar Refinery,0.0,STRONG
EVT_20260515_0078,22.33148,69.73385,2026-05-15,2029,8.27,1,INDUSTRIAL_ASSOCIATED,HIGH,8,thermal_point_intersects_osm_feature;strong_industrial_feature_nearby;industrial_feature_nearby,1,9,Vadinar Refinery,0.0,STRONG
EVT_20260516_0079,22.330675,69.735048,2026-05-16,741,10.05,4,INDUSTRIAL_ASSOCIATED,HIGH,8,thermal_point_intersects_osm_feature;strong_industrial_feature_nearby;industrial_feature_nearby,1,15,Vadinar Refinery,0.0,STRONG
EVT_20260516_0080,22.332375,69.738385,2026-05-16,2153,6.64,2,INDUSTRIAL_ASSOCIATED,HIGH,8,thermal_point_intersects_osm_feature;strong_industrial_feature_nearby;industrial_feature_nearby,1,16,Vadinar Refinery,0.0,STRONG
EVT_20260520_0081,22.33221,69.73236,2026-05-20,2036,5.27,2,INDUSTRIAL_ASSOCIATED,HIGH,5,strong_industrial_feature_nearby;industrial_feature_nearby,0,3,Vadinar Refinery,21.651835442315466,STRONG
EVT_20260521_0082,22.33461,69.73081,2026-05-21,748,3.31,1,INDUSTRIAL_ASSOCIATED,HIGH,5,strong_industrial_feature_nearby;industrial_feature_nearby,0,2,Vadinar Refinery,327.7662324688998,STRONG
EVT_20260521_0083,22.3301,69.73223,2026-05-21,2017,1.48,1,INDUSTRIAL_ASSOCIATED,HIGH,8,thermal_point_intersects_osm_feature;strong_industrial_feature_nearby;industrial_feature_nearby,1,5,Vadinar Refinery,0.0,STRONG
EVT_20260522_0084,22.310075,69.720255,2026-05-22,2138,1.01,2,INDUSTRIAL_ASSOCIATED,HIGH,8,thermal_point_intersects_osm_feature;strong_industrial_feature_nearby;industrial_feature_nearby,1,2,Vadinar Refinery,0.0,STRONG
EVT_20260522_0085,22.33207,69.73598,2026-05-22,2138,6.76,1,INDUSTRIAL_ASSOCIATED,HIGH,8,thermal_point_intersects_osm_feature;strong_industrial_feature_nearby;industrial_feature_nearby,1,12,Vadinar Refinery,0.0,STRONG
EVT_20260523_0086,22.33337,69.73755,2026-05-23,852,16.01,1,INDUSTRIAL_ASSOCIATED,HIGH,8,thermal_point_intersects_osm_feature;strong_industrial_feature_nearby;industrial_feature_nearby,1,10,Vadinar Refinery,0.0,STRONG
EVT_20260523_0087,22.3384,69.85451,2026-05-23,2121,1.97,1,INDUSTRIAL_ASSOCIATED,HIGH,8,thermal_point_intersects_osm_feature;strong_industrial_feature_nearby;industrial_feature_nearby,1,40,Reliance Refinery,0.0,STRONG
EVT_20260524_0088,22.29005,69.74286,2026-05-24,833,4.55,1,UNKNOWN,LOW,0,,0,0,,,
EVT_20260524_0089,22.331155,69.735595,2026-05-24,833,11.06,2,INDUSTRIAL_ASSOCIATED,HIGH,8,thermal_point_intersects_osm_feature;strong_industrial_feature_nearby;industrial_feature_nearby,1,16,Vadinar Refinery,0.0,STRONG
EVT_20260527_0090,22.331953,69.73161,2026-05-27,2004,6.4,3,INDUSTRIAL_ASSOCIATED,HIGH,5,strong_industrial_feature_nearby;industrial_feature_nearby,0,3,Vadinar Refinery,49.52467506071768,STRONG
EVT_20260527_0091,22.347947,69.751813,2026-05-27,2004,2.75,3,INDUSTRIAL_ASSOCIATED,HIGH,8,thermal_point_intersects_osm_feature;strong_industrial_feature_nearby;industrial_feature_nearby,1,10,Vadinar Refinery,0.0,STRONG
EVT_20260529_0092,22.33627,69.86784,2026-05-29,2108,1.95,1,INDUSTRIAL_ASSOCIATED,HIGH,8,thermal_point_intersects_osm_feature;strong_industrial_feature_nearby;industrial_feature_nearby,1,23,Reliance Refinery,0.0,STRONG
EVT_20260601_0093,22.329155,69.738215,2026-06-01,2104,1.72,2,INDUSTRIAL_ASSOCIATED,HIGH,8,thermal_point_intersects_osm_feature;strong_industrial_feature_nearby;industrial_feature_nearby,1,16,Vadinar Refinery,0.0,STRONG
EVT_20260603_0094,22.33898,69.85458,2026-06-03,2114,2.16,1,INDUSTRIAL_ASSOCIATED,HIGH,8,thermal_point_intersects_osm_feature;strong_industrial_feature_nearby;industrial_feature_nearby,1,35,Reliance Refinery,0.0,STRONG
EVT_20260604_0095,22.32907,69.740595,2026-06-04,920,2.63,2,INDUSTRIAL_ASSOCIATED,HIGH,8,thermal_point_intersects_osm_feature;strong_industrial_feature_nearby;industrial_feature_nearby,1,16,Vadinar Refinery,0.0,STRONG
EVT_20260606_0096,22.34049,69.85591,2026-06-06,2110,3.51,1,INDUSTRIAL_ASSOCIATED,HIGH,8,thermal_point_intersects_osm_feature;strong_industrial_feature_nearby;industrial_feature_nearby,1,33,Reliance Refinery,0.0,STRONG
EVT_20260608_0097,22.31896,69.884235,2026-06-08,2121,4.54,2,INDUSTRIAL_ASSOCIATED,HIGH,8,thermal_point_intersects_osm_feature;strong_industrial_feature_nearby;industrial_feature_nearby,1,10,Reliance Refinery,0.0,STRONG
EVT_20260609_0098,22.32029,69.884985,2026-06-09,833,14.6,2,INDUSTRIAL_ASSOCIATED,HIGH,5,strong_industrial_feature_nearby;industrial_feature_nearby,0,10,Reliance Refinery,31.661192043447866,STRONG
EVT_20260609_0099,22.322763,69.88063,2026-06-09,2014,16.63,21,INDUSTRIAL_ASSOCIATED,HIGH,8,thermal_point_intersects_osm_feature;strong_industrial_feature_nearby;industrial_feature_nearby,1,15,Reliance Refinery,0.0,STRONG
EVT_20260612_0100,22.33482,69.8681,2026-06-12,2057,2.24,1,INDUSTRIAL_ASSOCIATED,HIGH,8,thermal_point_intersects_osm_feature;strong_industrial_feature_nearby;industrial_feature_nearby,1,26,Reliance Refinery,0.0,STRONG
EVT_20260614_0101,22.34205,69.8616,2026-06-14,2019,3.86,1,INDUSTRIAL_ASSOCIATED,HIGH,8,thermal_point_intersects_osm_feature;strong_industrial_feature_nearby;industrial_feature_nearby,2,26,Reliance Refinery,0.0,STRONG
EVT_20260615_0102,22.343095,69.86753,2026-06-15,2046,3.97,2,INDUSTRIAL_ASSOCIATED,HIGH,8,thermal_point_intersects_osm_feature;strong_industrial_feature_nearby;industrial_feature_nearby,1,17,Reliance Refinery,0.0,STRONG
EVT_20260617_0103,22.320727,69.87794,2026-06-17,2010,3.47,3,INDUSTRIAL_ASSOCIATED,HIGH,8,thermal_point_intersects_osm_feature;strong_industrial_feature_nearby;industrial_feature_nearby,1,20,Reliance Refinery,0.0,STRONG
EVT_20260617_0104,22.3363,69.86761,2026-06-17,2104,2.02,1,INDUSTRIAL_ASSOCIATED,HIGH,8,thermal_point_intersects_osm_feature;strong_industrial_feature_nearby;industrial_feature_nearby,1,23,Reliance Refinery,0.0,STRONG
EVT_20260619_0105,22.33996,69.85391,2026-06-19,2114,3.09,1,INDUSTRIAL_ASSOCIATED,HIGH,8,thermal_point_intersects_osm_feature;strong_industrial_feature_nearby;industrial_feature_nearby,1,35,Reliance Refinery,0.0,STRONG
EVT_20260620_0106,22.34022,69.85422,2026-06-20,2053,4.58,1,INDUSTRIAL_ASSOCIATED,HIGH,8,thermal_point_intersects_osm_feature;strong_industrial_feature_nearby;industrial_feature_nearby,1,33,Reliance Refinery,0.0,STRONG
EVT_20260621_0107,22.4379,69.91242,2026-06-21,900,2.53,1,UNKNOWN,LOW,0,,0,0,,,
EVT_20260622_0108,22.33511,69.86858,2026-06-22,2110,3.85,1,INDUSTRIAL_ASSOCIATED,HIGH,8,thermal_point_intersects_osm_feature;strong_industrial_feature_nearby;industrial_feature_nearby,1,22,Reliance Refinery,0.0,STRONG
EVT_20260623_0109,22.33834,69.868,2026-06-23,2051,2.59,1,INDUSTRIAL_ASSOCIATED,HIGH,8,thermal_point_intersects_osm_feature;strong_industrial_feature_nearby;industrial_feature_nearby,1,18,Reliance Refinery,0.0,STRONG
EVT_20260623_0110,22.34016,69.85503,2026-06-23,2051,2.99,1,INDUSTRIAL_ASSOCIATED,HIGH,8,thermal_point_intersects_osm_feature;strong_industrial_feature_nearby;industrial_feature_nearby,1,34,Reliance Refinery,0.0,STRONG
EVT_20260625_0111,22.33689,69.86764,2026-06-25,2059,4.65,1,INDUSTRIAL_ASSOCIATED,HIGH,8,thermal_point_intersects_osm_feature;strong_industrial_feature_nearby;industrial_feature_nearby,1,23,Reliance Refinery,0.0,STRONG
EVT_20260627_0112,22.32294,69.88258,2026-06-27,2116,3.05,1,INDUSTRIAL_ASSOCIATED,HIGH,8,thermal_point_intersects_osm_feature;strong_industrial_feature_nearby;industrial_feature_nearby,1,14,Reliance Refinery,0.0,STRONG
EVT_20260627_0113,22.3391,69.85394,2026-06-27,2116,3.08,1,INDUSTRIAL_ASSOCIATED,HIGH,8,thermal_point_intersects_osm_feature;strong_industrial_feature_nearby;industrial_feature_nearby,1,36,Reliance Refinery,0.0,STRONG
EVT_20260628_0114,22.33986,69.85631,2026-06-28,2057,1.18,1,INDUSTRIAL_ASSOCIATED,HIGH,8,thermal_point_intersects_osm_feature;strong_industrial_feature_nearby;industrial_feature_nearby,1,35,Reliance Refinery,0.0,STRONG
EVT_20260629_0115,22.33484,69.86742,2026-06-29,2125,3.72,1,INDUSTRIAL_ASSOCIATED,HIGH,8,thermal_point_intersects_osm_feature;strong_industrial_feature_nearby;industrial_feature_nearby,1,32,Reliance Refinery,0.0,STRONG
EVT_20260629_0116,22.33735,69.85474,2026-06-29,2125,4.19,1,INDUSTRIAL_ASSOCIATED,HIGH,8,thermal_point_intersects_osm_feature;strong_industrial_feature_nearby;industrial_feature_nearby,1,40,Reliance Refinery,0.0,STRONG
EVT_20260630_0117,22.33558,69.86704,2026-06-30,2108,3.66,1,INDUSTRIAL_ASSOCIATED,HIGH,8,thermal_point_intersects_osm_feature;strong_industrial_feature_nearby;industrial_feature_nearby,1,28,Reliance Refinery,0.0,STRONG
EVT_20260630_0118,22.33749,69.85552,2026-06-30,2108,4.4,1,INDUSTRIAL_ASSOCIATED,HIGH,8,thermal_point_intersects_osm_feature;strong_industrial_feature_nearby;industrial_feature_nearby,1,39,Reliance Refinery,0.0,STRONG
EVT_20260708_0119,22.33493,69.86871,2026-07-08,2110,3.26,1,INDUSTRIAL_ASSOCIATED,HIGH,8,thermal_point_intersects_osm_feature;strong_industrial_feature_nearby;industrial_feature_nearby,1,22,Reliance Refinery,0.0,STRONG
EVT_20260716_0120,22.3349,69.86817,2026-07-16,2201,4.27,1,INDUSTRIAL_ASSOCIATED,HIGH,8,thermal_point_intersects_osm_feature;strong_industrial_feature_nearby;industrial_feature_nearby,1,26,Reliance Refinery,0.0,STRONG
EVT_20260718_0121,22.33016,69.86285,2026-07-18,2029,5.78,1,INDUSTRIAL_ASSOCIATED,HIGH,8,thermal_point_intersects_osm_feature;strong_industrial_feature_nearby;industrial_feature_nearby,1,38,Reliance Refinery,0.0,STRONG
EVT_20260804_0122,22.34027,69.85518,2026-08-04,2106,1.84,1,INDUSTRIAL_ASSOCIATED,HIGH,8,thermal_point_intersects_osm_feature;strong_industrial_feature_nearby;industrial_feature_nearby,1,34,Reliance Refinery,0.0,STRONG
EVT_20260809_0123,22.33785,69.86696,2026-08-09,2112,1.23,1,INDUSTRIAL_ASSOCIATED,HIGH,8,thermal_point_intersects_osm_feature;strong_industrial_feature_nearby;industrial_feature_nearby,1,23,Reliance Refinery,0.0,STRONG
EVT_20260809_0124,22.33982,69.85525,2026-08-09,2112,1.06,1,INDUSTRIAL_ASSOCIATED,HIGH,8,thermal_point_intersects_osm_feature;strong_industrial_feature_nearby;industrial_feature_nearby,1,35,Reliance Refinery,0.0,STRONG
EVT_20260814_0125,22.33806,69.85318,2026-08-14,2023,2.08,1,INDUSTRIAL_ASSOCIATED,HIGH,8,thermal_point_intersects_osm_feature;strong_industrial_feature_nearby;industrial_feature_nearby,1,43,Reliance Refinery,0.0,STRONG
EVT_20260824_0126,22.341883,69.867067,2026-08-24,2036,7.01,7,INDUSTRIAL_ASSOCIATED,HIGH,8,thermal_point_intersects_osm_feature;strong_industrial_feature_nearby;industrial_feature_nearby,1,18,Reliance Refinery,0.0,STRONG
EVT_20260825_0127,22.340585,69.85508,2026-08-25,2112,3.06,2,INDUSTRIAL_ASSOCIATED,HIGH,8,thermal_point_intersects_osm_feature;strong_industrial_feature_nearby;industrial_feature_nearby,1,34,Reliance Refinery,0.0,STRONG
EVT_20260826_0128,22.321085,69.88206,2026-08-26,2053,1.49,2,INDUSTRIAL_ASSOCIATED,HIGH,8,thermal_point_intersects_osm_feature;strong_industrial_feature_nearby;industrial_feature_nearby,1,14,Reliance Refinery,0.0,STRONG
