event_id,region_id,event_date,event_start_time,event_end_time,latitude,longitude,max_frp,mean_frp,total_frp,observation_count,satellite_count,satellites,event_cluster_confidence,event_cluster_method
EVT_20260301_0001,jamnagar,2026-03-01,2036,2036,22.43036,69.83382,0.59,0.59,0.59,1,1,N21,LOW,spatial_temporal_bfs
EVT_20260302_0002,jamnagar,2026-03-02,2018,2018,22.43116,69.83365,0.63,0.63,0.63,1,1,N21,LOW,spatial_temporal_bfs
EVT_20260303_0003,jamnagar,2026-03-03,2140,2140,22.42865,69.83251,0.82,0.82,0.82,1,1,N21,LOW,spatial_temporal_bfs
EVT_20260304_0004,jamnagar,2026-03-04,2120,2120,22.33814,69.8543,3.88,3.88,3.88,1,1,N21,LOW,spatial_temporal_bfs
EVT_20260305_0005,jamnagar,2026-03-05,2101,2101,22.33741,69.85396,1.5,1.5,3.0,2,1,N21,MEDIUM,spatial_temporal_bfs
EVT_20260305_0006,jamnagar,2026-03-05,2101,2101,22.33673,69.869,2.84,2.84,2.84,1,1,N21,LOW,spatial_temporal_bfs
EVT_20260305_0007,jamnagar,2026-03-05,2101,2101,22.43112,69.83326,1.2,1.2,1.2,1,1,N21,LOW,spatial_temporal_bfs
EVT_20260309_0008,jamnagar,2026-03-09,0858,0858,22.408525,69.884515,5.17,4.97,9.95,2,1,N21,MEDIUM,spatial_temporal_bfs
EVT_20260309_0009,jamnagar,2026-03-09,2125,2125,22.33847,69.85462,3.22,3.22,3.22,1,1,N21,LOW,spatial_temporal_bfs
EVT_20260309_0010,jamnagar,2026-03-09,2125,2125,22.42984,69.83475,1.25,1.25,1.25,1,1,N21,LOW,spatial_temporal_bfs
EVT_20260310_0011,jamnagar,2026-03-10,2108,2108,22.33586,69.86778,2.55,2.55,2.55,1,1,N21,LOW,spatial_temporal_bfs
EVT_20260310_0012,jamnagar,2026-03-10,2108,2108,22.3378,69.85616,3.2,3.2,3.2,1,1,N21,LOW,spatial_temporal_bfs
EVT_20260310_0013,jamnagar,2026-03-10,2108,2108,22.43023,69.83325,0.93,0.93,0.93,1,1,N21,LOW,spatial_temporal_bfs
EVT_20260311_0014,jamnagar,2026-03-11,2049,2049,22.34086,69.85392,2.06,2.06,2.06,1,1,N21,LOW,spatial_temporal_bfs
EVT_20260313_0015,jamnagar,2026-03-13,2012,2012,22.31238,69.85453,0.99,0.99,0.99,1,1,N21,LOW,spatial_temporal_bfs
EVT_20260314_0016,jamnagar,2026-03-14,0905,0905,22.20038,69.95724,20.71,20.71,20.71,1,1,N21,LOW,spatial_temporal_bfs
EVT_20260316_0017,jamnagar,2026-03-16,0826,0826,22.40389,69.85317,8.48,8.48,8.48,1,1,N21,LOW,spatial_temporal_bfs
EVT_20260316_0018,jamnagar,2026-03-16,2055,2055,22.33952,69.85422,2.39,2.39,2.39,1,1,N21,LOW,spatial_temporal_bfs
EVT_20260317_0019,jamnagar,2026-03-17,0807,0807,22.39936,69.86004,12.98,12.98,12.98,1,1,N21,LOW,spatial_temporal_bfs
EVT_20260317_0020,jamnagar,2026-03-17,2036,2036,22.42875,69.83257,1.21,1.21,1.21,1,1,N21,LOW,spatial_temporal_bfs
EVT_20260318_0021,jamnagar,2026-03-18,0750,0750,22.20309,69.89776,3.64,3.64,3.64,1,1,N21,LOW,spatial_temporal_bfs
EVT_20260318_0022,jamnagar,2026-03-18,0930,0930,22.433355,69.99164,26.69,25.46,50.91,2,1,N21,MEDIUM,spatial_temporal_bfs
EVT_20260319_0023,jamnagar,2026-03-19,2140,2140,22.32976,69.75134,1.01,1.01,1.01,1,1,N21,LOW,spatial_temporal_bfs
EVT_20260319_0024,jamnagar,2026-03-19,2140,2140,22.33289,69.86809,1.98,1.98,1.98,1,1,N21,LOW,spatial_temporal_bfs
EVT_20260319_0025,jamnagar,2026-03-19,2140,2140,22.34099,69.85595,1.0,1.0,1.0,1,1,N21,LOW,spatial_temporal_bfs
EVT_20260319_0026,jamnagar,2026-03-19,2140,2140,22.42703,69.83289,0.49,0.49,0.49,1,1,N21,LOW,spatial_temporal_bfs
EVT_20260320_0027,jamnagar,2026-03-20,0852,0852,22.31723,69.79076,4.8,4.8,4.8,1,1,N21,LOW,spatial_temporal_bfs
EVT_20260320_0028,jamnagar,2026-03-20,0852,0852,22.35819,69.79417,10.85,10.85,10.85,1,1,N21,LOW,spatial_temporal_bfs
EVT_20260321_0029,jamnagar,2026-03-21,0835,0835,22.29692,69.99956,6.03,6.03,6.03,1,1,N21,LOW,spatial_temporal_bfs
EVT_20260321_0030,jamnagar,2026-03-21,0835,0835,22.32512,69.82381,7.8,7.8,7.8,1,1,N21,LOW,spatial_temporal_bfs
EVT_20260321_0031,jamnagar,2026-03-21,0835,0835,22.44778,69.98093,3.38,3.38,3.38,1,1,N21,LOW,spatial_temporal_bfs
EVT_20260321_0032,jamnagar,2026-03-21,0835,0835,22.44946,69.99204,1.08,1.08,1.08,1,1,N21,LOW,spatial_temporal_bfs
EVT_20260321_0033,jamnagar,2026-03-21,0835,0835,22.45982,69.97122,3.41,3.41,3.41,1,1,N21,LOW,spatial_temporal_bfs
EVT_20260321_0034,jamnagar,2026-03-21,2101,2101,22.33971,69.8543,2.13,2.13,2.13,1,1,N21,LOW,spatial_temporal_bfs
EVT_20260322_0035,jamnagar,2026-03-22,0813,0813,22.43778,69.99409,11.25,11.25,11.25,1,1,N21,LOW,spatial_temporal_bfs
EVT_20260325_0036,jamnagar,2026-03-25,0858,0858,22.38413,69.9849,13.79,13.79,13.79,1,1,N21,LOW,spatial_temporal_bfs
EVT_20260325_0037,jamnagar,2026-03-25,2125,2125,22.42959,69.83186,1.34,1.34,1.34,1,1,N21,LOW,spatial_temporal_bfs
EVT_20260326_0038,jamnagar,2026-03-26,0839,0839,22.35593,69.79166,15.67,15.67,15.67,1,1,N21,LOW,spatial_temporal_bfs
EVT_20260326_0039,jamnagar,2026-03-26,0839,0839,22.43152,69.97115,15.39,15.39,15.39,1,1,N21,LOW,spatial_temporal_bfs
EVT_20260326_0040,jamnagar,2026-03-26,2108,2108,22.3382,69.85419,2.15,2.15,2.15,1,1,N21,LOW,spatial_temporal_bfs
EVT_20260327_0041,jamnagar,2026-03-27,0820,0820,22.37992,69.95703,28.55,28.55,28.55,1,1,N21,LOW,spatial_temporal_bfs
EVT_20260327_0042,jamnagar,2026-03-27,2049,2049,22.3405,69.85612,3.15,3.15,3.15,1,1,N21,LOW,spatial_temporal_bfs
EVT_20260327_0043,jamnagar,2026-03-27,2049,2049,22.43019,69.83276,1.41,1.41,1.41,1,1,N21,LOW,spatial_temporal_bfs
EVT_20260328_0044,jamnagar,2026-03-28,0803,0803,22.29349,69.98151,3.08,3.08,3.08,1,1,N21,LOW,spatial_temporal_bfs
EVT_20260328_0045,jamnagar,2026-03-28,0803,0803,22.4136,69.89274,13.36,13.36,13.36,1,1,N21,LOW,spatial_temporal_bfs
EVT_20260328_0046,jamnagar,2026-03-28,2029,2029,22.33166,69.86633,2.96,2.96,2.96,1,1,N21,LOW,spatial_temporal_bfs
EVT_20260330_0047,jamnagar,2026-03-30,2131,2131,22.33843,69.85404,3.81,3.81,3.81,1,1,N21,LOW,spatial_temporal_bfs
EVT_20260331_0048,jamnagar,2026-03-31,0845,0845,22.25853,69.89301,18.98,18.98,18.98,1,1,N21,LOW,spatial_temporal_bfs
EVT_20260331_0049,jamnagar,2026-03-31,2114,2114,22.33841,69.85287,2.98,2.98,2.98,1,1,N21,LOW,spatial_temporal_bfs
EVT_20260405_0050,jamnagar,2026-04-05,0852,0852,22.33744,69.71162,7.06,7.06,7.06,1,1,N21,LOW,spatial_temporal_bfs
EVT_20260406_0051,jamnagar,2026-04-06,2101,2101,22.33615,69.86816,1.62,1.62,1.62,1,1,N21,LOW,spatial_temporal_bfs
EVT_20260406_0052,jamnagar,2026-04-06,2101,2101,22.33846,69.85339,2.21,2.21,2.21,1,1,N21,LOW,spatial_temporal_bfs
EVT_20260408_0053,jamnagar,2026-04-08,0756,0756,22.39186,69.87063,1.67,1.67,1.67,1,1,N21,LOW,spatial_temporal_bfs
EVT_20260408_0054,jamnagar,2026-04-08,2023,2023,22.31271,69.71579,1.01,0.74,1.47,2,1,N21,MEDIUM,spatial_temporal_bfs
EVT_20260409_0055,jamnagar,2026-04-09,2146,2146,22.33046,69.739225,1.58,1.38,2.76,2,1,N21,MEDIUM,spatial_temporal_bfs
EVT_20260410_0056,jamnagar,2026-04-10,0858,0858,22.39724,69.82426,4.68,4.68,4.68,1,1,N21,LOW,spatial_temporal_bfs
EVT_20260410_0057,jamnagar,2026-04-10,2125,2125,22.331725,69.73709,1.97,1.58,3.17,2,1,N21,MEDIUM,spatial_temporal_bfs
EVT_20260410_0058,jamnagar,2026-04-10,2125,2125,22.43124,69.83454,1.1,1.1,1.1,1,1,N21,LOW,spatial_temporal_bfs
EVT_20260411_0059,jamnagar,2026-04-11,2108,2108,22.33292,69.7366,1.72,1.72,1.72,1,1,N21,LOW,spatial_temporal_bfs
EVT_20260412_0060,jamnagar,2026-04-12,2046,2046,22.33247,69.73551,1.92,1.92,1.92,1,1,N21,LOW,spatial_temporal_bfs
EVT_20260414_0061,jamnagar,2026-04-14,2153,2153,22.33009,69.73493,1.82,1.82,1.82,1,1,N21,LOW,spatial_temporal_bfs
EVT_20260418_0062,jamnagar,2026-04-18,0807,0807,22.45119,69.98673,13.65,13.65,13.65,1,1,N21,LOW,spatial_temporal_bfs
EVT_20260419_0063,jamnagar,2026-04-19,0750,0750,22.20879,69.74622,9.06,9.06,9.06,1,1,N21,LOW,spatial_temporal_bfs
EVT_20260422_0064,jamnagar,2026-04-22,2101,2101,22.33941,69.85428,3.21,3.21,3.21,1,1,N21,LOW,spatial_temporal_bfs
EVT_20260501_0065,jamnagar,2026-05-01,0905,0905,22.41263,69.93995,6.97,6.97,6.97,1,1,N21,LOW,spatial_temporal_bfs
EVT_20260501_0066,jamnagar,2026-05-01,2131,2131,22.41554,69.92569,1.09,1.09,1.09,1,1,N21,LOW,spatial_temporal_bfs
EVT_20260502_0067,jamnagar,2026-05-02,0845,0845,22.25767,69.79171,16.38,16.38,16.38,1,1,N21,LOW,spatial_temporal_bfs
EVT_20260503_0068,jamnagar,2026-05-03,0826,0826,22.35215,69.8322,8.14,8.14,8.14,1,1,N21,LOW,spatial_temporal_bfs
EVT_20260505_0069,jamnagar,2026-05-05,2019,2019,22.32329,69.87823,4.16,4.08,8.16,2,1,N21,MEDIUM,spatial_temporal_bfs
EVT_20260506_0070,jamnagar,2026-05-06,0909,0909,22.2946,69.934085,6.21,5.64,11.29,2,1,N21,MEDIUM,spatial_temporal_bfs
EVT_20260506_0071,jamnagar,2026-05-06,2138,2138,22.33965,69.86987,2.09,2.09,2.09,1,1,N21,LOW,spatial_temporal_bfs
EVT_20260511_0072,jamnagar,2026-05-11,2144,2144,22.32724,69.73833,1.26,1.26,1.26,1,1,N21,LOW,spatial_temporal_bfs
EVT_20260512_0073,jamnagar,2026-05-12,2125,2125,22.32963,69.73843,9.71,9.71,9.71,1,1,N21,LOW,spatial_temporal_bfs
EVT_20260513_0074,jamnagar,2026-05-13,0837,0837,22.33224,69.73727,9.88,9.88,9.88,1,1,N21,LOW,spatial_temporal_bfs
EVT_20260513_0075,jamnagar,2026-05-13,2108,2108,22.331325,69.735005,1.18,0.91,1.82,2,1,N21,MEDIUM,spatial_temporal_bfs
EVT_20260514_0076,jamnagar,2026-05-14,2046,2046,22.3218,69.88053,3.59,3.45,6.9,2,1,N21,MEDIUM,spatial_temporal_bfs
EVT_20260514_0077,jamnagar,2026-05-14,2046,2046,22.33146,69.734295,3.17,2.61,5.22,2,1,N21,MEDIUM,spatial_temporal_bfs
EVT_20260515_0078,jamnagar,2026-05-15,2029,2029,22.33148,69.73385,8.27,8.27,8.27,1,1,N21,LOW,spatial_temporal_bfs
EVT_20260516_0079,jamnagar,2026-05-16,0741,0922,22.330675,69.735048,10.05,9.36,37.46,4,1,N21,MEDIUM,spatial_temporal_bfs
EVT_20260516_0080,jamnagar,2026-05-16,2153,2153,22.332375,69.738385,6.64,5.82,11.65,2,1,N21,MEDIUM,spatial_temporal_bfs
EVT_20260520_0081,jamnagar,2026-05-20,2036,2036,22.33221,69.73236,5.27,4.97,9.95,2,1,N21,MEDIUM,spatial_temporal_bfs
EVT_20260521_0082,jamnagar,2026-05-21,0748,0748,22.33461,69.73081,3.31,3.31,3.31,1,1,N21,LOW,spatial_temporal_bfs
EVT_20260521_0083,jamnagar,2026-05-21,2017,2017,22.3301,69.73223,1.48,1.48,1.48,1,1,N21,LOW,spatial_temporal_bfs
EVT_20260522_0084,jamnagar,2026-05-22,2138,2138,22.310075,69.720255,1.01,0.89,1.78,2,1,N21,MEDIUM,spatial_temporal_bfs
EVT_20260522_0085,jamnagar,2026-05-22,2138,2138,22.33207,69.73598,6.76,6.76,6.76,1,1,N21,LOW,spatial_temporal_bfs
EVT_20260523_0086,jamnagar,2026-05-23,0852,0852,22.33337,69.73755,16.01,16.01,16.01,1,1,N21,LOW,spatial_temporal_bfs
EVT_20260523_0087,jamnagar,2026-05-23,2121,2121,22.3384,69.85451,1.97,1.97,1.97,1,1,N21,LOW,spatial_temporal_bfs
EVT_20260524_0088,jamnagar,2026-05-24,0833,0833,22.29005,69.74286,4.55,4.55,4.55,1,1,N21,LOW,spatial_temporal_bfs
EVT_20260524_0089,jamnagar,2026-05-24,0833,0833,22.331155,69.735595,11.06,9.35,18.69,2,1,N21,MEDIUM,spatial_temporal_bfs
EVT_20260527_0090,jamnagar,2026-05-27,2004,2144,22.331953,69.73161,6.4,4.67,14.02,3,1,N21,MEDIUM,spatial_temporal_bfs
EVT_20260527_0091,jamnagar,2026-05-27,2004,2144,22.347947,69.751813,2.75,2.61,7.82,3,1,N21,MEDIUM,spatial_temporal_bfs
EVT_20260529_0092,jamnagar,2026-05-29,2108,2108,22.33627,69.86784,1.95,1.95,1.95,1,1,N21,LOW,spatial_temporal_bfs
EVT_20260601_0093,jamnagar,2026-06-01,2104,2150,22.329155,69.738215,1.72,1.34,2.69,2,2,"N20,N21",HIGH,spatial_temporal_bfs
EVT_20260603_0094,jamnagar,2026-06-03,2114,2114,22.33898,69.85458,2.16,2.16,2.16,1,1,N21,LOW,spatial_temporal_bfs
EVT_20260604_0095,jamnagar,2026-06-04,0920,0920,22.32907,69.740595,2.63,2.63,5.26,2,1,N20,MEDIUM,spatial_temporal_bfs
EVT_20260606_0096,jamnagar,2026-06-06,2110,2110,22.34049,69.85591,3.51,3.51,3.51,1,1,N20,LOW,spatial_temporal_bfs
EVT_20260608_0097,jamnagar,2026-06-08,2121,2121,22.31896,69.884235,4.54,3.46,6.92,2,1,N21,MEDIUM,spatial_temporal_bfs
EVT_20260609_0098,jamnagar,2026-06-09,0833,0926,22.32029,69.884985,14.6,9.14,18.28,2,2,"N20,N21",HIGH,spatial_temporal_bfs
EVT_20260609_0099,jamnagar,2026-06-09,2014,2153,22.322763,69.88063,16.63,8.24,173.05,21,2,"N20,N21",HIGH,spatial_temporal_bfs
EVT_20260612_0100,jamnagar,2026-06-12,2057,2057,22.33482,69.8681,2.24,2.24,2.24,1,1,N20,LOW,spatial_temporal_bfs
EVT_20260614_0101,jamnagar,2026-06-14,2019,2019,22.34205,69.8616,3.86,3.86,3.86,1,1,N20,LOW,spatial_temporal_bfs
EVT_20260615_0102,jamnagar,2026-06-15,2046,2142,22.343095,69.86753,3.97,3.7,7.4,2,2,"N20,N21",HIGH,spatial_temporal_bfs
EVT_20260617_0103,jamnagar,2026-06-17,2010,2104,22.320727,69.87794,3.47,2.95,8.85,3,2,"N20,N21",HIGH,spatial_temporal_bfs
EVT_20260617_0104,jamnagar,2026-06-17,2104,2104,22.3363,69.86761,2.02,2.02,2.02,1,1,N20,LOW,spatial_temporal_bfs
EVT_20260619_0105,jamnagar,2026-06-19,2114,2114,22.33996,69.85391,3.09,3.09,3.09,1,1,N21,LOW,spatial_temporal_bfs
EVT_20260620_0106,jamnagar,2026-06-20,2053,2053,22.34022,69.85422,4.58,4.58,4.58,1,1,N21,LOW,spatial_temporal_bfs
EVT_20260621_0107,jamnagar,2026-06-21,0900,0900,22.4379,69.91242,2.53,2.53,2.53,1,1,N20,LOW,spatial_temporal_bfs
EVT_20260622_0108,jamnagar,2026-06-22,2110,2110,22.33511,69.86858,3.85,3.85,3.85,1,1,N20,LOW,spatial_temporal_bfs
EVT_20260623_0109,jamnagar,2026-06-23,2051,2051,22.33834,69.868,2.59,2.59,2.59,1,1,N20,LOW,spatial_temporal_bfs
EVT_20260623_0110,jamnagar,2026-06-23,2051,2051,22.34016,69.85503,2.99,2.99,2.99,1,1,N20,LOW,spatial_temporal_bfs
EVT_20260625_0111,jamnagar,2026-06-25,2059,2059,22.33689,69.86764,4.65,4.65,4.65,1,1,N21,LOW,spatial_temporal_bfs
EVT_20260627_0112,jamnagar,2026-06-27,2116,2116,22.32294,69.88258,3.05,3.05,3.05,1,1,N20,LOW,spatial_temporal_bfs
EVT_20260627_0113,jamnagar,2026-06-27,2116,2116,22.3391,69.85394,3.08,3.08,3.08,1,1,N20,LOW,spatial_temporal_bfs
EVT_20260628_0114,jamnagar,2026-06-28,2057,2057,22.33986,69.85631,1.18,1.18,1.18,1,1,N20,LOW,spatial_temporal_bfs
EVT_20260629_0115,jamnagar,2026-06-29,2125,2125,22.33484,69.86742,3.72,3.72,3.72,1,1,N21,LOW,spatial_temporal_bfs
EVT_20260629_0116,jamnagar,2026-06-29,2125,2125,22.33735,69.85474,4.19,4.19,4.19,1,1,N21,LOW,spatial_temporal_bfs
EVT_20260630_0117,jamnagar,2026-06-30,2108,2108,22.33558,69.86704,3.66,3.66,3.66,1,1,N21,LOW,spatial_temporal_bfs
EVT_20260630_0118,jamnagar,2026-06-30,2108,2108,22.33749,69.85552,4.4,4.4,4.4,1,1,N21,LOW,spatial_temporal_bfs
EVT_20260708_0119,jamnagar,2026-07-08,2110,2110,22.33493,69.86871,3.26,3.26,3.26,1,1,N20,LOW,spatial_temporal_bfs
EVT_20260716_0120,jamnagar,2026-07-16,2201,2201,22.3349,69.86817,4.27,4.27,4.27,1,1,N20,LOW,spatial_temporal_bfs
EVT_20260718_0121,jamnagar,2026-07-18,2029,2029,22.33016,69.86285,5.78,5.78,5.78,1,1,N21,LOW,spatial_temporal_bfs
EVT_20260804_0122,jamnagar,2026-08-04,2106,2106,22.34027,69.85518,1.84,1.84,1.84,1,1,N20,LOW,spatial_temporal_bfs
EVT_20260809_0123,jamnagar,2026-08-09,2112,2112,22.33785,69.86696,1.23,1.23,1.23,1,1,N20,LOW,spatial_temporal_bfs
EVT_20260809_0124,jamnagar,2026-08-09,2112,2112,22.33982,69.85525,1.06,1.06,1.06,1,1,N20,LOW,spatial_temporal_bfs
EVT_20260814_0125,jamnagar,2026-08-14,2023,2023,22.33806,69.85318,2.08,2.08,2.08,1,1,N21,LOW,spatial_temporal_bfs
EVT_20260824_0126,jamnagar,2026-08-24,2036,2131,22.341883,69.867067,7.01,4.41,30.9,7,2,"N20,N21",HIGH,spatial_temporal_bfs
EVT_20260825_0127,jamnagar,2026-08-25,2112,2112,22.340585,69.85508,3.06,2.62,5.25,2,1,N20,MEDIUM,spatial_temporal_bfs
EVT_20260826_0128,jamnagar,2026-08-26,2053,2053,22.321085,69.88206,1.49,1.45,2.9,2,1,N20,MEDIUM,spatial_temporal_bfs
