event_id,region_id,original_observation_id,latitude,longitude,acq_date,acq_time,satellite,frp,confidence,instrument,daynight
EVT_20260301_0001,jamnagar,OBS_00000,22.43036,69.83382,2026-03-01,2036,N21,0.59,n,VIIRS,N
EVT_20260302_0002,jamnagar,OBS_00001,22.43116,69.83365,2026-03-02,2018,N21,0.63,n,VIIRS,N
EVT_20260303_0003,jamnagar,OBS_00002,22.42865,69.83251,2026-03-03,2140,N21,0.82,n,VIIRS,N
EVT_20260304_0004,jamnagar,OBS_00003,22.33814,69.8543,2026-03-04,2120,N21,3.88,n,VIIRS,N
EVT_20260305_0005,jamnagar,OBS_00004,22.33577,69.85366,2026-03-05,2101,N21,1.5,n,VIIRS,N
EVT_20260305_0005,jamnagar,OBS_00006,22.33905,69.85426,2026-03-05,2101,N21,1.5,n,VIIRS,N
EVT_20260305_0006,jamnagar,OBS_00005,22.33673,69.869,2026-03-05,2101,N21,2.84,n,VIIRS,N
EVT_20260305_0007,jamnagar,OBS_00007,22.43112,69.83326,2026-03-05,2101,N21,1.2,n,VIIRS,N
EVT_20260309_0008,jamnagar,OBS_00008,22.40689,69.88313,2026-03-09,858,N21,4.78,n,VIIRS,D
EVT_20260309_0008,jamnagar,OBS_00009,22.41016,69.8859,2026-03-09,858,N21,5.17,n,VIIRS,D
EVT_20260309_0009,jamnagar,OBS_00010,22.33847,69.85462,2026-03-09,2125,N21,3.22,n,VIIRS,N
EVT_20260309_0010,jamnagar,OBS_00011,22.42984,69.83475,2026-03-09,2125,N21,1.25,n,VIIRS,N
EVT_20260310_0011,jamnagar,OBS_00012,22.33586,69.86778,2026-03-10,2108,N21,2.55,n,VIIRS,N
EVT_20260310_0012,jamnagar,OBS_00013,22.3378,69.85616,2026-03-10,2108,N21,3.2,n,VIIRS,N
EVT_20260310_0013,jamnagar,OBS_00014,22.43023,69.83325,2026-03-10,2108,N21,0.93,n,VIIRS,N
EVT_20260311_0014,jamnagar,OBS_00015,22.34086,69.85392,2026-03-11,2049,N21,2.06,n,VIIRS,N
EVT_20260313_0015,jamnagar,OBS_00016,22.31238,69.85453,2026-03-13,2012,N21,0.99,n,VIIRS,N
EVT_20260314_0016,jamnagar,OBS_00017,22.20038,69.95724,2026-03-14,905,N21,20.71,n,VIIRS,D
EVT_20260316_0017,jamnagar,OBS_00018,22.40389,69.85317,2026-03-16,826,N21,8.48,n,VIIRS,D
EVT_20260316_0018,jamnagar,OBS_00019,22.33952,69.85422,2026-03-16,2055,N21,2.39,n,VIIRS,N
EVT_20260317_0019,jamnagar,OBS_00020,22.39936,69.86004,2026-03-17,807,N21,12.98,n,VIIRS,D
EVT_20260317_0020,jamnagar,OBS_00021,22.42875,69.83257,2026-03-17,2036,N21,1.21,n,VIIRS,N
EVT_20260318_0021,jamnagar,OBS_00022,22.20309,69.89776,2026-03-18,750,N21,3.64,n,VIIRS,D
EVT_20260318_0022,jamnagar,OBS_00023,22.4318,69.99132,2026-03-18,930,N21,24.22,h,VIIRS,D
EVT_20260318_0022,jamnagar,OBS_00024,22.43491,69.99196,2026-03-18,930,N21,26.69,h,VIIRS,D
EVT_20260319_0023,jamnagar,OBS_00025,22.32976,69.75134,2026-03-19,2140,N21,1.01,n,VIIRS,N
EVT_20260319_0024,jamnagar,OBS_00026,22.33289,69.86809,2026-03-19,2140,N21,1.98,n,VIIRS,N
EVT_20260319_0025,jamnagar,OBS_00027,22.34099,69.85595,2026-03-19,2140,N21,1.0,n,VIIRS,N
EVT_20260319_0026,jamnagar,OBS_00028,22.42703,69.83289,2026-03-19,2140,N21,0.49,n,VIIRS,N
EVT_20260320_0027,jamnagar,OBS_00029,22.31723,69.79076,2026-03-20,852,N21,4.8,l,VIIRS,D
EVT_20260320_0028,jamnagar,OBS_00030,22.35819,69.79417,2026-03-20,852,N21,10.85,n,VIIRS,D
EVT_20260321_0029,jamnagar,OBS_00031,22.29692,69.99956,2026-03-21,835,N21,6.03,l,VIIRS,D
EVT_20260321_0030,jamnagar,OBS_00032,22.32512,69.82381,2026-03-21,835,N21,7.8,n,VIIRS,D
EVT_20260321_0031,jamnagar,OBS_00033,22.44778,69.98093,2026-03-21,835,N21,3.38,l,VIIRS,D
EVT_20260321_0032,jamnagar,OBS_00034,22.44946,69.99204,2026-03-21,835,N21,1.08,l,VIIRS,D
EVT_20260321_0033,jamnagar,OBS_00035,22.45982,69.97122,2026-03-21,835,N21,3.41,l,VIIRS,D
EVT_20260321_0034,jamnagar,OBS_00036,22.33971,69.8543,2026-03-21,2101,N21,2.13,n,VIIRS,N
EVT_20260322_0035,jamnagar,OBS_00037,22.43778,69.99409,2026-03-22,813,N21,11.25,n,VIIRS,D
EVT_20260325_0036,jamnagar,OBS_00038,22.38413,69.9849,2026-03-25,858,N21,13.79,n,VIIRS,D
EVT_20260325_0037,jamnagar,OBS_00039,22.42959,69.83186,2026-03-25,2125,N21,1.34,n,VIIRS,N
EVT_20260326_0038,jamnagar,OBS_00040,22.35593,69.79166,2026-03-26,839,N21,15.67,l,VIIRS,D
EVT_20260326_0039,jamnagar,OBS_00041,22.43152,69.97115,2026-03-26,839,N21,15.39,l,VIIRS,D
EVT_20260326_0040,jamnagar,OBS_00042,22.3382,69.85419,2026-03-26,2108,N21,2.15,n,VIIRS,N
EVT_20260327_0041,jamnagar,OBS_00043,22.37992,69.95703,2026-03-27,820,N21,28.55,n,VIIRS,D
EVT_20260327_0042,jamnagar,OBS_00044,22.3405,69.85612,2026-03-27,2049,N21,3.15,n,VIIRS,N
EVT_20260327_0043,jamnagar,OBS_00045,22.43019,69.83276,2026-03-27,2049,N21,1.41,n,VIIRS,N
EVT_20260328_0044,jamnagar,OBS_00046,22.29349,69.98151,2026-03-28,803,N21,3.08,n,VIIRS,D
EVT_20260328_0045,jamnagar,OBS_00047,22.4136,69.89274,2026-03-28,803,N21,13.36,n,VIIRS,D
EVT_20260328_0046,jamnagar,OBS_00048,22.33166,69.86633,2026-03-28,2029,N21,2.96,n,VIIRS,N
EVT_20260330_0047,jamnagar,OBS_00049,22.33843,69.85404,2026-03-30,2131,N21,3.81,n,VIIRS,N
EVT_20260331_0048,jamnagar,OBS_00050,22.25853,69.89301,2026-03-31,845,N21,18.98,l,VIIRS,D
EVT_20260331_0049,jamnagar,OBS_00051,22.33841,69.85287,2026-03-31,2114,N21,2.98,n,VIIRS,N
EVT_20260405_0050,jamnagar,OBS_00052,22.33744,69.71162,2026-04-05,852,N21,7.06,l,VIIRS,D
EVT_20260406_0051,jamnagar,OBS_00053,22.33615,69.86816,2026-04-06,2101,N21,1.62,n,VIIRS,N
EVT_20260406_0052,jamnagar,OBS_00054,22.33846,69.85339,2026-04-06,2101,N21,2.21,n,VIIRS,N
EVT_20260408_0053,jamnagar,OBS_00055,22.39186,69.87063,2026-04-08,756,N21,1.67,n,VIIRS,D
EVT_20260408_0054,jamnagar,OBS_00056,22.31215,69.71574,2026-04-08,2023,N21,0.46,n,VIIRS,N
EVT_20260408_0054,jamnagar,OBS_00057,22.31327,69.71584,2026-04-08,2023,N21,1.01,n,VIIRS,N
EVT_20260409_0055,jamnagar,OBS_00058,22.32952,69.73843,2026-04-09,2146,N21,1.18,n,VIIRS,N
EVT_20260409_0055,jamnagar,OBS_00059,22.3314,69.74002,2026-04-09,2146,N21,1.58,n,VIIRS,N
EVT_20260410_0056,jamnagar,OBS_00060,22.39724,69.82426,2026-04-10,858,N21,4.68,l,VIIRS,D
EVT_20260410_0057,jamnagar,OBS_00061,22.33133,69.73916,2026-04-10,2125,N21,1.97,n,VIIRS,N
EVT_20260410_0057,jamnagar,OBS_00062,22.33212,69.73502,2026-04-10,2125,N21,1.2,n,VIIRS,N
EVT_20260410_0058,jamnagar,OBS_00063,22.43124,69.83454,2026-04-10,2125,N21,1.1,n,VIIRS,N
EVT_20260411_0059,jamnagar,OBS_00064,22.33292,69.7366,2026-04-11,2108,N21,1.72,n,VIIRS,N
EVT_20260412_0060,jamnagar,OBS_00065,22.33247,69.73551,2026-04-12,2046,N21,1.92,n,VIIRS,N
EVT_20260414_0061,jamnagar,OBS_00066,22.33009,69.73493,2026-04-14,2153,N21,1.82,n,VIIRS,N
EVT_20260418_0062,jamnagar,OBS_00067,22.45119,69.98673,2026-04-18,807,N21,13.65,n,VIIRS,D
EVT_20260419_0063,jamnagar,OBS_00068,22.20879,69.74622,2026-04-19,750,N21,9.06,n,VIIRS,D
EVT_20260422_0064,jamnagar,OBS_00069,22.33941,69.85428,2026-04-22,2101,N21,3.21,n,VIIRS,N
EVT_20260501_0065,jamnagar,OBS_00070,22.41263,69.93995,2026-05-01,905,N21,6.97,n,VIIRS,D
EVT_20260501_0066,jamnagar,OBS_00071,22.41554,69.92569,2026-05-01,2131,N21,1.09,n,VIIRS,N
EVT_20260502_0067,jamnagar,OBS_00072,22.25767,69.79171,2026-05-02,845,N21,16.38,l,VIIRS,D
EVT_20260503_0068,jamnagar,OBS_00073,22.35215,69.8322,2026-05-03,826,N21,8.14,l,VIIRS,D
EVT_20260505_0069,jamnagar,OBS_00074,22.32323,69.87736,2026-05-05,2019,N21,4.0,n,VIIRS,N
EVT_20260505_0069,jamnagar,OBS_00075,22.32335,69.8791,2026-05-05,2019,N21,4.16,n,VIIRS,N
EVT_20260506_0070,jamnagar,OBS_00076,22.29427,69.9338,2026-05-06,909,N21,5.08,n,VIIRS,D
EVT_20260506_0070,jamnagar,OBS_00077,22.29493,69.93437,2026-05-06,909,N21,6.21,n,VIIRS,D
EVT_20260506_0071,jamnagar,OBS_00078,22.33965,69.86987,2026-05-06,2138,N21,2.09,n,VIIRS,N
EVT_20260511_0072,jamnagar,OBS_00079,22.32724,69.73833,2026-05-11,2144,N21,1.26,n,VIIRS,N
EVT_20260512_0073,jamnagar,OBS_00080,22.32963,69.73843,2026-05-12,2125,N21,9.71,n,VIIRS,N
EVT_20260513_0074,jamnagar,OBS_00081,22.33224,69.73727,2026-05-13,837,N21,9.88,l,VIIRS,D
EVT_20260513_0075,jamnagar,OBS_00082,22.32934,69.7366,2026-05-13,2108,N21,1.18,n,VIIRS,N
EVT_20260513_0075,jamnagar,OBS_00083,22.33331,69.73341,2026-05-13,2108,N21,0.64,n,VIIRS,N
EVT_20260514_0076,jamnagar,OBS_00084,22.32113,69.88214,2026-05-14,2046,N21,3.59,n,VIIRS,N
EVT_20260514_0076,jamnagar,OBS_00085,22.32247,69.87892,2026-05-14,2046,N21,3.31,n,VIIRS,N
EVT_20260514_0077,jamnagar,OBS_00086,22.33116,69.73651,2026-05-14,2046,N21,3.17,n,VIIRS,N
EVT_20260514_0077,jamnagar,OBS_00087,22.33176,69.73208,2026-05-14,2046,N21,2.05,n,VIIRS,N
EVT_20260515_0078,jamnagar,OBS_00088,22.33148,69.73385,2026-05-15,2029,N21,8.27,n,VIIRS,N
EVT_20260516_0079,jamnagar,OBS_00089,22.32906,69.7291,2026-05-16,741,N21,8.68,n,VIIRS,D
EVT_20260516_0079,jamnagar,OBS_00090,22.33034,69.73445,2026-05-16,741,N21,8.68,n,VIIRS,D
EVT_20260516_0079,jamnagar,OBS_00091,22.33144,69.73557,2026-05-16,922,N21,10.05,n,VIIRS,D
EVT_20260516_0079,jamnagar,OBS_00092,22.33186,69.74107,2026-05-16,922,N21,10.05,n,VIIRS,D
EVT_20260516_0080,jamnagar,OBS_00093,22.33187,69.73861,2026-05-16,2153,N21,5.01,n,VIIRS,N
EVT_20260516_0080,jamnagar,OBS_00094,22.33288,69.73816,2026-05-16,2153,N21,6.64,n,VIIRS,N
EVT_20260520_0081,jamnagar,OBS_00095,22.33126,69.7318,2026-05-20,2036,N21,4.68,n,VIIRS,N
EVT_20260520_0081,jamnagar,OBS_00096,22.33316,69.73292,2026-05-20,2036,N21,5.27,n,VIIRS,N
EVT_20260521_0082,jamnagar,OBS_00097,22.33461,69.73081,2026-05-21,748,N21,3.31,n,VIIRS,D
EVT_20260521_0083,jamnagar,OBS_00098,22.3301,69.73223,2026-05-21,2017,N21,1.48,n,VIIRS,N
EVT_20260522_0084,jamnagar,OBS_00099,22.30894,69.71965,2026-05-22,2138,N21,1.01,n,VIIRS,N
EVT_20260522_0084,jamnagar,OBS_00100,22.31121,69.72086,2026-05-22,2138,N21,0.77,n,VIIRS,N
EVT_20260522_0085,jamnagar,OBS_00101,22.33207,69.73598,2026-05-22,2138,N21,6.76,n,VIIRS,N
EVT_20260523_0086,jamnagar,OBS_00102,22.33337,69.73755,2026-05-23,852,N21,16.01,n,VIIRS,D
EVT_20260523_0087,jamnagar,OBS_00103,22.3384,69.85451,2026-05-23,2121,N21,1.97,n,VIIRS,N
EVT_20260524_0088,jamnagar,OBS_00104,22.29005,69.74286,2026-05-24,833,N21,4.55,l,VIIRS,D
EVT_20260524_0089,jamnagar,OBS_00105,22.32951,69.73589,2026-05-24,833,N21,11.06,l,VIIRS,D
EVT_20260524_0089,jamnagar,OBS_00106,22.3328,69.7353,2026-05-24,833,N21,7.63,l,VIIRS,D
EVT_20260527_0090,jamnagar,OBS_00107,22.33081,69.72823,2026-05-27,2004,N21,6.4,n,VIIRS,N
EVT_20260527_0090,jamnagar,OBS_00108,22.3327,69.72951,2026-05-27,2004,N21,4.42,n,VIIRS,N
EVT_20260527_0090,jamnagar,OBS_00110,22.33235,69.73709,2026-05-27,2144,N21,3.2,n,VIIRS,N
EVT_20260527_0091,jamnagar,OBS_00109,22.3505,69.75138,2026-05-27,2004,N21,2.32,n,VIIRS,N
EVT_20260527_0091,jamnagar,OBS_00111,22.34621,69.75409,2026-05-27,2144,N21,2.75,n,VIIRS,N
EVT_20260527_0091,jamnagar,OBS_00112,22.34713,69.74997,2026-05-27,2144,N21,2.75,n,VIIRS,N
EVT_20260529_0092,jamnagar,OBS_00113,22.33627,69.86784,2026-05-29,2108,N21,1.95,n,VIIRS,N
EVT_20260601_0093,jamnagar,OBS_00114,22.33089,69.73832,2026-06-01,2104,N20,0.97,n,VIIRS,N
EVT_20260601_0093,jamnagar,OBS_00115,22.32742,69.73811,2026-06-01,2150,N21,1.72,n,VIIRS,N
EVT_20260603_0094,jamnagar,OBS_00116,22.33898,69.85458,2026-06-03,2114,N21,2.16,n,VIIRS,N
EVT_20260604_0095,jamnagar,OBS_00117,22.32888,69.73837,2026-06-04,920,N20,2.63,n,VIIRS,D
EVT_20260604_0095,jamnagar,OBS_00118,22.32926,69.74282,2026-06-04,920,N20,2.63,n,VIIRS,D
EVT_20260606_0096,jamnagar,OBS_00119,22.34049,69.85591,2026-06-06,2110,N20,3.51,n,VIIRS,N
EVT_20260608_0097,jamnagar,OBS_00120,22.31752,69.88602,2026-06-08,2121,N21,2.38,n,VIIRS,N
EVT_20260608_0097,jamnagar,OBS_00121,22.3204,69.88245,2026-06-08,2121,N21,4.54,n,VIIRS,N
EVT_20260609_0098,jamnagar,OBS_00122,22.32238,69.88252,2026-06-09,833,N21,14.6,n,VIIRS,D
EVT_20260609_0098,jamnagar,OBS_00123,22.3182,69.88745,2026-06-09,926,N20,3.68,n,VIIRS,D
EVT_20260609_0099,jamnagar,OBS_00124,22.31928,69.8815,2026-06-09,2014,N20,8.29,n,VIIRS,N
EVT_20260609_0099,jamnagar,OBS_00125,22.3197,69.87608,2026-06-09,2014,N20,6.49,n,VIIRS,N
EVT_20260609_0099,jamnagar,OBS_00127,22.32564,69.88213,2026-06-09,2014,N20,8.29,n,VIIRS,N
EVT_20260609_0099,jamnagar,OBS_00128,22.32607,69.87666,2026-06-09,2014,N20,6.49,h,VIIRS,N
EVT_20260609_0099,jamnagar,OBS_00130,22.31917,69.88369,2026-06-09,2059,N21,7.56,n,VIIRS,N
EVT_20260609_0099,jamnagar,OBS_00131,22.31974,69.88,2026-06-09,2059,N21,3.02,n,VIIRS,N
EVT_20260609_0099,jamnagar,OBS_00132,22.32032,69.87631,2026-06-09,2059,N21,3.02,n,VIIRS,N
EVT_20260609_0099,jamnagar,OBS_00133,22.32245,69.88428,2026-06-09,2059,N21,4.78,n,VIIRS,N
EVT_20260609_0099,jamnagar,OBS_00134,22.32302,69.88059,2026-06-09,2059,N21,9.38,n,VIIRS,N
EVT_20260609_0099,jamnagar,OBS_00135,22.3236,69.87691,2026-06-09,2059,N21,9.38,n,VIIRS,N
EVT_20260609_0099,jamnagar,OBS_00136,22.32631,69.88118,2026-06-09,2059,N21,9.38,n,VIIRS,N
EVT_20260609_0099,jamnagar,OBS_00137,22.32688,69.87749,2026-06-09,2059,N21,9.38,n,VIIRS,N
EVT_20260609_0099,jamnagar,OBS_00138,22.31843,69.89112,2026-06-09,2153,N20,16.63,n,VIIRS,N
EVT_20260609_0099,jamnagar,OBS_00139,22.31973,69.88573,2026-06-09,2153,N20,16.63,n,VIIRS,N
EVT_20260609_0099,jamnagar,OBS_00140,22.32104,69.88033,2026-06-09,2153,N20,14.48,h,VIIRS,N
EVT_20260609_0099,jamnagar,OBS_00141,22.32233,69.87494,2026-06-09,2153,N20,14.48,n,VIIRS,N
EVT_20260609_0099,jamnagar,OBS_00143,22.32589,69.8875,2026-06-09,2153,N20,3.0,n,VIIRS,N
EVT_20260609_0099,jamnagar,OBS_00144,22.32719,69.88211,2026-06-09,2153,N20,6.39,n,VIIRS,N
EVT_20260609_0099,jamnagar,OBS_00126,22.32014,69.87059,2026-06-09,2014,N20,6.49,n,VIIRS,N
EVT_20260609_0099,jamnagar,OBS_00129,22.3265,69.87119,2026-06-09,2014,N20,6.49,n,VIIRS,N
EVT_20260609_0099,jamnagar,OBS_00142,22.32459,69.8929,2026-06-09,2153,N20,3.0,n,VIIRS,N
EVT_20260612_0100,jamnagar,OBS_00145,22.33482,69.8681,2026-06-12,2057,N20,2.24,n,VIIRS,N
EVT_20260614_0101,jamnagar,OBS_00146,22.34205,69.8616,2026-06-14,2019,N20,3.86,n,VIIRS,N
EVT_20260615_0102,jamnagar,OBS_00147,22.34317,69.86622,2026-06-15,2046,N21,3.97,n,VIIRS,N
EVT_20260615_0102,jamnagar,OBS_00148,22.34302,69.86884,2026-06-15,2142,N20,3.43,n,VIIRS,N
EVT_20260617_0103,jamnagar,OBS_00149,22.31884,69.87939,2026-06-17,2010,N21,2.53,n,VIIRS,N
EVT_20260617_0103,jamnagar,OBS_00150,22.31926,69.87385,2026-06-17,2010,N21,3.47,n,VIIRS,N
EVT_20260617_0103,jamnagar,OBS_00151,22.32408,69.88058,2026-06-17,2104,N20,2.85,n,VIIRS,N
EVT_20260617_0104,jamnagar,OBS_00152,22.3363,69.86761,2026-06-17,2104,N20,2.02,n,VIIRS,N
EVT_20260619_0105,jamnagar,OBS_00153,22.33996,69.85391,2026-06-19,2114,N21,3.09,n,VIIRS,N
EVT_20260620_0106,jamnagar,OBS_00154,22.34022,69.85422,2026-06-20,2053,N21,4.58,n,VIIRS,N
EVT_20260621_0107,jamnagar,OBS_00155,22.4379,69.91242,2026-06-21,900,N20,2.53,n,VIIRS,D
EVT_20260622_0108,jamnagar,OBS_00156,22.33511,69.86858,2026-06-22,2110,N20,3.85,n,VIIRS,N
EVT_20260623_0109,jamnagar,OBS_00157,22.33834,69.868,2026-06-23,2051,N20,2.59,n,VIIRS,N
EVT_20260623_0110,jamnagar,OBS_00158,22.34016,69.85503,2026-06-23,2051,N20,2.99,n,VIIRS,N
EVT_20260625_0111,jamnagar,OBS_00159,22.33689,69.86764,2026-06-25,2059,N21,4.65,n,VIIRS,N
EVT_20260627_0112,jamnagar,OBS_00160,22.32294,69.88258,2026-06-27,2116,N20,3.05,n,VIIRS,N
EVT_20260627_0113,jamnagar,OBS_00161,22.3391,69.85394,2026-06-27,2116,N20,3.08,n,VIIRS,N
EVT_20260628_0114,jamnagar,OBS_00162,22.33986,69.85631,2026-06-28,2057,N20,1.18,n,VIIRS,N
EVT_20260629_0115,jamnagar,OBS_00163,22.33484,69.86742,2026-06-29,2125,N21,3.72,n,VIIRS,N
EVT_20260629_0116,jamnagar,OBS_00164,22.33735,69.85474,2026-06-29,2125,N21,4.19,n,VIIRS,N
EVT_20260630_0117,jamnagar,OBS_00165,22.33558,69.86704,2026-06-30,2108,N21,3.66,n,VIIRS,N
EVT_20260630_0118,jamnagar,OBS_00166,22.33749,69.85552,2026-06-30,2108,N21,4.4,n,VIIRS,N
EVT_20260708_0119,jamnagar,OBS_00167,22.33493,69.86871,2026-07-08,2110,N20,3.26,n,VIIRS,N
EVT_20260716_0120,jamnagar,OBS_00168,22.3349,69.86817,2026-07-16,2201,N20,4.27,n,VIIRS,N
EVT_20260718_0121,jamnagar,OBS_00169,22.33016,69.86285,2026-07-18,2029,N21,5.78,n,VIIRS,N
EVT_20260804_0122,jamnagar,OBS_00170,22.34027,69.85518,2026-08-04,2106,N20,1.84,n,VIIRS,N
EVT_20260809_0123,jamnagar,OBS_00171,22.33785,69.86696,2026-08-09,2112,N20,1.23,n,VIIRS,N
EVT_20260809_0124,jamnagar,OBS_00172,22.33982,69.85525,2026-08-09,2112,N20,1.06,n,VIIRS,N
EVT_20260814_0125,jamnagar,OBS_00173,22.33806,69.85318,2026-08-14,2023,N21,2.08,n,VIIRS,N
EVT_20260824_0126,jamnagar,OBS_00174,22.33921,69.8703,2026-08-24,2036,N21,2.69,n,VIIRS,N
EVT_20260824_0126,jamnagar,OBS_00175,22.33969,69.86611,2026-08-24,2036,N21,2.69,n,VIIRS,N
EVT_20260824_0126,jamnagar,OBS_00176,22.34017,69.86192,2026-08-24,2036,N21,3.82,n,VIIRS,N
EVT_20260824_0126,jamnagar,OBS_00177,22.34343,69.87085,2026-08-24,2036,N21,7.01,n,VIIRS,N
EVT_20260824_0126,jamnagar,OBS_00178,22.34392,69.86665,2026-08-24,2036,N21,7.01,n,VIIRS,N
EVT_20260824_0126,jamnagar,OBS_00179,22.3444,69.86245,2026-08-24,2036,N21,2.37,n,VIIRS,N
EVT_20260824_0126,jamnagar,OBS_00180,22.34236,69.87119,2026-08-24,2131,N20,5.31,n,VIIRS,N
EVT_20260825_0127,jamnagar,OBS_00181,22.33997,69.85574,2026-08-25,2112,N20,3.06,n,VIIRS,N
EVT_20260825_0127,jamnagar,OBS_00182,22.3412,69.85442,2026-08-25,2112,N20,2.19,n,VIIRS,N
EVT_20260826_0128,jamnagar,OBS_00183,22.32085,69.8827,2026-08-26,2053,N20,1.41,n,VIIRS,N
EVT_20260826_0128,jamnagar,OBS_00184,22.32132,69.88142,2026-08-26,2053,N20,1.49,n,VIIRS,N
