event_id,event_date,event_start_time,event_end_time,observation_count,satellite_count,satellites,max_frp,total_frp,mean_frp,latitude,longitude,worldcover_class,worldcover_context,association_type,association_confidence,osm_type,osm_id,name,industrial,landuse,power,man_made,distance_km,source_class,source_class_v2,classification_confidence_v2,evidence_strength,classification_reason,evidence_summary,interpretation
EVT_20260301_0001,2026-03-01,2036,2036,1,1,N21,0.59,0.59,0.59,22.43036,69.83382,BUILT_UP,BUILT_UP,OSM_FEATURE_INTERSECTION,HIGH,way,321060506.0,SHREE DIGVIJAY CEMENT,,industrial,,,0.0,INDUSTRIAL_ASSOCIATED,INDUSTRIAL_ASSOCIATED,HIGH,VERY_HIGH,OSM industrial association + built-up WorldCover context,Thermal point intersects mapped industrial feature: SHREE DIGVIJAY CEMENT; WorldCover=BUILT_UP,Thermal observation spatially associated with industrial infrastructure
EVT_20260302_0002,2026-03-02,2018,2018,1,1,N21,0.63,0.63,0.63,22.43116,69.83365,BUILT_UP,BUILT_UP,OSM_FEATURE_INTERSECTION,HIGH,way,321060506.0,SHREE DIGVIJAY CEMENT,,industrial,,,0.0,INDUSTRIAL_ASSOCIATED,INDUSTRIAL_ASSOCIATED,HIGH,VERY_HIGH,OSM industrial association + built-up WorldCover context,Thermal point intersects mapped industrial feature: SHREE DIGVIJAY CEMENT; WorldCover=BUILT_UP,Thermal observation spatially associated with industrial infrastructure
EVT_20260303_0003,2026-03-03,2140,2140,1,1,N21,0.82,0.82,0.82,22.42865,69.83251,BUILT_UP,BUILT_UP,OSM_FEATURE_INTERSECTION,HIGH,way,321060506.0,SHREE DIGVIJAY CEMENT,,industrial,,,0.0,INDUSTRIAL_ASSOCIATED,INDUSTRIAL_ASSOCIATED,HIGH,VERY_HIGH,OSM industrial association + built-up WorldCover context,Thermal point intersects mapped industrial feature: SHREE DIGVIJAY CEMENT; WorldCover=BUILT_UP,Thermal observation spatially associated with industrial infrastructure
EVT_20260304_0004,2026-03-04,2120,2120,1,1,N21,3.88,3.88,3.88,22.33814,69.8543,BUILT_UP,BUILT_UP,OSM_FEATURE_INTERSECTION,HIGH,way,91585872.0,Reliance Refinery,refinery,industrial,,,0.0,INDUSTRIAL_ASSOCIATED,INDUSTRIAL_ASSOCIATED,HIGH,VERY_HIGH,OSM industrial association + built-up WorldCover context,Thermal point intersects mapped industrial feature: Reliance Refinery; WorldCover=BUILT_UP,Thermal observation spatially associated with industrial infrastructure
EVT_20260305_0005,2026-03-05,2101,2101,2,1,N21,1.5,3.0,1.5,22.33741,69.85396,BUILT_UP,BUILT_UP,OSM_FEATURE_INTERSECTION,HIGH,way,91585872.0,Reliance Refinery,refinery,industrial,,,0.0,INDUSTRIAL_ASSOCIATED,INDUSTRIAL_ASSOCIATED,HIGH,VERY_HIGH,OSM industrial association + built-up WorldCover context,Thermal point intersects mapped industrial feature: Reliance Refinery; WorldCover=BUILT_UP,Thermal observation spatially associated with industrial infrastructure
EVT_20260305_0006,2026-03-05,2101,2101,1,1,N21,2.84,2.84,2.84,22.33673,69.869,BUILT_UP,BUILT_UP,OSM_FEATURE_INTERSECTION,HIGH,way,91585872.0,Reliance Refinery,refinery,industrial,,,0.0,INDUSTRIAL_ASSOCIATED,INDUSTRIAL_ASSOCIATED,HIGH,VERY_HIGH,OSM industrial association + built-up WorldCover context,Thermal point intersects mapped industrial feature: Reliance Refinery; WorldCover=BUILT_UP,Thermal observation spatially associated with industrial infrastructure
EVT_20260305_0007,2026-03-05,2101,2101,1,1,N21,1.2,1.2,1.2,22.43112,69.83326,BUILT_UP,BUILT_UP,OSM_FEATURE_INTERSECTION,HIGH,way,321060506.0,SHREE DIGVIJAY CEMENT,,industrial,,,0.0,INDUSTRIAL_ASSOCIATED,INDUSTRIAL_ASSOCIATED,HIGH,VERY_HIGH,OSM industrial association + built-up WorldCover context,Thermal point intersects mapped industrial feature: SHREE DIGVIJAY CEMENT; WorldCover=BUILT_UP,Thermal observation spatially associated with industrial infrastructure
EVT_20260309_0008,2026-03-09,858,858,2,1,N21,5.17,9.95,4.97,22.408525,69.884515,CROPLAND,AGRICULTURAL,NEARBY_OSM_INDUSTRIAL_FEATURE,SCREENING,way,139787908.0,,,industrial,,,1.457,UNKNOWN,AGRICULTURAL,MEDIUM,MEDIUM,No strong OSM industrial association; WorldCover indicates cropland,No strong mapped industrial association; WorldCover=CROPLAND,Thermal observation occurs in cropland context; agricultural/biomass source is plausible
EVT_20260309_0009,2026-03-09,2125,2125,1,1,N21,3.22,3.22,3.22,22.33847,69.85462,BUILT_UP,BUILT_UP,OSM_FEATURE_INTERSECTION,HIGH,way,91585872.0,Reliance Refinery,refinery,industrial,,,0.0,INDUSTRIAL_ASSOCIATED,INDUSTRIAL_ASSOCIATED,HIGH,VERY_HIGH,OSM industrial association + built-up WorldCover context,Thermal point intersects mapped industrial feature: Reliance Refinery; WorldCover=BUILT_UP,Thermal observation spatially associated with industrial infrastructure
EVT_20260309_0010,2026-03-09,2125,2125,1,1,N21,1.25,1.25,1.25,22.42984,69.83475,BUILT_UP,BUILT_UP,OSM_FEATURE_INTERSECTION,HIGH,way,321060506.0,SHREE DIGVIJAY CEMENT,,industrial,,,0.0,INDUSTRIAL_ASSOCIATED,INDUSTRIAL_ASSOCIATED,HIGH,VERY_HIGH,OSM industrial association + built-up WorldCover context,Thermal point intersects mapped industrial feature: SHREE DIGVIJAY CEMENT; WorldCover=BUILT_UP,Thermal observation spatially associated with industrial infrastructure
EVT_20260310_0011,2026-03-10,2108,2108,1,1,N21,2.55,2.55,2.55,22.33586,69.86778,BUILT_UP,BUILT_UP,OSM_FEATURE_INTERSECTION,HIGH,way,91585872.0,Reliance Refinery,refinery,industrial,,,0.0,INDUSTRIAL_ASSOCIATED,INDUSTRIAL_ASSOCIATED,HIGH,VERY_HIGH,OSM industrial association + built-up WorldCover context,Thermal point intersects mapped industrial feature: Reliance Refinery; WorldCover=BUILT_UP,Thermal observation spatially associated with industrial infrastructure
EVT_20260310_0012,2026-03-10,2108,2108,1,1,N21,3.2,3.2,3.2,22.3378,69.85616,BUILT_UP,BUILT_UP,OSM_FEATURE_INTERSECTION,HIGH,way,91585872.0,Reliance Refinery,refinery,industrial,,,0.0,INDUSTRIAL_ASSOCIATED,INDUSTRIAL_ASSOCIATED,HIGH,VERY_HIGH,OSM industrial association + built-up WorldCover context,Thermal point intersects mapped industrial feature: Reliance Refinery; WorldCover=BUILT_UP,Thermal observation spatially associated with industrial infrastructure
EVT_20260310_0013,2026-03-10,2108,2108,1,1,N21,0.93,0.93,0.93,22.43023,69.83325,BUILT_UP,BUILT_UP,OSM_FEATURE_INTERSECTION,HIGH,way,321060506.0,SHREE DIGVIJAY CEMENT,,industrial,,,0.0,INDUSTRIAL_ASSOCIATED,INDUSTRIAL_ASSOCIATED,HIGH,VERY_HIGH,OSM industrial association + built-up WorldCover context,Thermal point intersects mapped industrial feature: SHREE DIGVIJAY CEMENT; WorldCover=BUILT_UP,Thermal observation spatially associated with industrial infrastructure
EVT_20260311_0014,2026-03-11,2049,2049,1,1,N21,2.06,2.06,2.06,22.34086,69.85392,BUILT_UP,BUILT_UP,OSM_FEATURE_INTERSECTION,HIGH,way,91585872.0,Reliance Refinery,refinery,industrial,,,0.0,INDUSTRIAL_ASSOCIATED,INDUSTRIAL_ASSOCIATED,HIGH,VERY_HIGH,OSM industrial association + built-up WorldCover context,Thermal point intersects mapped industrial feature: Reliance Refinery; WorldCover=BUILT_UP,Thermal observation spatially associated with industrial infrastructure
EVT_20260313_0015,2026-03-13,2012,2012,1,1,N21,0.99,0.99,0.99,22.31238,69.85453,SHRUBLAND,NATURAL,OSM_FEATURE_INTERSECTION,HIGH,way,91585872.0,Reliance Refinery,refinery,industrial,,,0.0,INDUSTRIAL_ASSOCIATED,INDUSTRIAL_ASSOCIATED,MEDIUM,HIGH,OSM industrial association; WorldCover context=NATURAL,Thermal point intersects mapped industrial feature: Reliance Refinery; WorldCover=SHRUBLAND,Thermal observation spatially associated with industrial infrastructure
EVT_20260314_0016,2026-03-14,905,905,1,1,N21,20.71,20.71,20.71,22.20038,69.95724,CROPLAND,AGRICULTURAL,NEARBY_OSM_INDUSTRIAL_FEATURE,SCREENING,way,225236351.0,Lalpur,,,substation,,1.621,UNKNOWN,AGRICULTURAL,MEDIUM,MEDIUM,No strong OSM industrial association; WorldCover indicates cropland,No strong mapped industrial association; WorldCover=CROPLAND,Thermal observation occurs in cropland context; agricultural/biomass source is plausible
EVT_20260316_0017,2026-03-16,826,826,1,1,N21,8.48,8.48,8.48,22.40389,69.85317,CROPLAND,AGRICULTURAL,NEARBY_OSM_INDUSTRIAL_FEATURE,SCREENING,way,139793158.0,,,industrial,,,0.947,INDUSTRIAL_ASSOCIATED,INDUSTRIAL_ASSOCIATED,MEDIUM,MEDIUM,OSM industrial association; WorldCover context=AGRICULTURAL,Thermal point is near mapped industrial feature; WorldCover=CROPLAND,Thermal observation spatially associated with industrial infrastructure
EVT_20260316_0018,2026-03-16,2055,2055,1,1,N21,2.39,2.39,2.39,22.33952,69.85422,BUILT_UP,BUILT_UP,OSM_FEATURE_INTERSECTION,HIGH,way,91585872.0,Reliance Refinery,refinery,industrial,,,0.0,INDUSTRIAL_ASSOCIATED,INDUSTRIAL_ASSOCIATED,HIGH,VERY_HIGH,OSM industrial association + built-up WorldCover context,Thermal point intersects mapped industrial feature: Reliance Refinery; WorldCover=BUILT_UP,Thermal observation spatially associated with industrial infrastructure
EVT_20260317_0019,2026-03-17,807,807,1,1,N21,12.98,12.98,12.98,22.39936,69.86004,CROPLAND,AGRICULTURAL,NEARBY_OSM_INDUSTRIAL_FEATURE,SCREENING,way,139793158.0,,,industrial,,,0.275,INDUSTRIAL_ASSOCIATED,INDUSTRIAL_ASSOCIATED,MEDIUM,MEDIUM,OSM industrial association; WorldCover context=AGRICULTURAL,Thermal point is near mapped industrial feature; WorldCover=CROPLAND,Thermal observation spatially associated with industrial infrastructure
EVT_20260317_0020,2026-03-17,2036,2036,1,1,N21,1.21,1.21,1.21,22.42875,69.83257,BUILT_UP,BUILT_UP,OSM_FEATURE_INTERSECTION,HIGH,way,321060506.0,SHREE DIGVIJAY CEMENT,,industrial,,,0.0,INDUSTRIAL_ASSOCIATED,INDUSTRIAL_ASSOCIATED,HIGH,VERY_HIGH,OSM industrial association + built-up WorldCover context,Thermal point intersects mapped industrial feature: SHREE DIGVIJAY CEMENT; WorldCover=BUILT_UP,Thermal observation spatially associated with industrial infrastructure
EVT_20260318_0021,2026-03-18,750,750,1,1,N21,3.64,3.64,3.64,22.20309,69.89776,BARE_SPARSE_VEGETATION,OTHER,NEARBY_OSM_INDUSTRIAL_FEATURE,SCREENING,way,440206109.0,Moti Rafudad,,,substation,,3.522,UNKNOWN,OTHER,LOW,MEDIUM,No strong OSM industrial association; WorldCover context=BARE_SPARSE_VEGETATION,No strong mapped industrial association; WorldCover=BARE_SPARSE_VEGETATION,Thermal observation has no strong industrial association and occurs in another land-cover context
EVT_20260318_0022,2026-03-18,930,930,2,1,N21,26.69,50.91,25.46,22.433355,69.99164,CROPLAND,AGRICULTURAL,NEARBY_OSM_INDUSTRIAL_FEATURE,SCREENING,way,984259059.0,,,industrial,,,0.602,INDUSTRIAL_ASSOCIATED,INDUSTRIAL_ASSOCIATED,MEDIUM,MEDIUM,OSM industrial association; WorldCover context=AGRICULTURAL,Thermal point is near mapped industrial feature; WorldCover=CROPLAND,Thermal observation spatially associated with industrial infrastructure
EVT_20260319_0023,2026-03-19,2140,2140,1,1,N21,1.01,1.01,1.01,22.32976,69.75134,BUILT_UP,BUILT_UP,OSM_FEATURE_INTERSECTION,HIGH,way,197338462.0,Vadinar Refinery,oil,industrial,,,0.0,INDUSTRIAL_ASSOCIATED,INDUSTRIAL_ASSOCIATED,HIGH,VERY_HIGH,OSM industrial association + built-up WorldCover context,Thermal point intersects mapped industrial feature: Vadinar Refinery; WorldCover=BUILT_UP,Thermal observation spatially associated with industrial infrastructure
EVT_20260319_0024,2026-03-19,2140,2140,1,1,N21,1.98,1.98,1.98,22.33289,69.86809,BUILT_UP,BUILT_UP,OSM_FEATURE_INTERSECTION,HIGH,way,91585872.0,Reliance Refinery,refinery,industrial,,,0.0,INDUSTRIAL_ASSOCIATED,INDUSTRIAL_ASSOCIATED,HIGH,VERY_HIGH,OSM industrial association + built-up WorldCover context,Thermal point intersects mapped industrial feature: Reliance Refinery; WorldCover=BUILT_UP,Thermal observation spatially associated with industrial infrastructure
EVT_20260319_0025,2026-03-19,2140,2140,1,1,N21,1.0,1.0,1.0,22.34099,69.85595,BUILT_UP,BUILT_UP,OSM_FEATURE_INTERSECTION,HIGH,way,91585872.0,Reliance Refinery,refinery,industrial,,,0.0,INDUSTRIAL_ASSOCIATED,INDUSTRIAL_ASSOCIATED,HIGH,VERY_HIGH,OSM industrial association + built-up WorldCover context,Thermal point intersects mapped industrial feature: Reliance Refinery; WorldCover=BUILT_UP,Thermal observation spatially associated with industrial infrastructure
EVT_20260319_0026,2026-03-19,2140,2140,1,1,N21,0.49,0.49,0.49,22.42703,69.83289,BUILT_UP,BUILT_UP,OSM_FEATURE_INTERSECTION,HIGH,way,512087981.0,Sikka,,,substation,,0.0,INDUSTRIAL_ASSOCIATED,INDUSTRIAL_ASSOCIATED,HIGH,VERY_HIGH,OSM industrial association + built-up WorldCover context,Thermal point intersects mapped industrial feature: Sikka; WorldCover=BUILT_UP,Thermal observation spatially associated with industrial infrastructure
EVT_20260320_0027,2026-03-20,852,852,1,1,N21,4.8,4.8,4.8,22.31723,69.79076,CROPLAND,AGRICULTURAL,NEARBY_OSM_INDUSTRIAL_FEATURE,SCREENING,way,197338462.0,Vadinar Refinery,oil,industrial,,,2.346,UNKNOWN,AGRICULTURAL,MEDIUM,MEDIUM,No strong OSM industrial association; WorldCover indicates cropland,No strong mapped industrial association; WorldCover=CROPLAND,Thermal observation occurs in cropland context; agricultural/biomass source is plausible
EVT_20260320_0028,2026-03-20,852,852,1,1,N21,10.85,10.85,10.85,22.35819,69.79417,CROPLAND,AGRICULTURAL,NEARBY_OSM_INDUSTRIAL_FEATURE,SCREENING,way,197338462.0,Vadinar Refinery,oil,industrial,,,2.215,UNKNOWN,AGRICULTURAL,MEDIUM,MEDIUM,No strong OSM industrial association; WorldCover indicates cropland,No strong mapped industrial association; WorldCover=CROPLAND,Thermal observation occurs in cropland context; agricultural/biomass source is plausible
EVT_20260321_0029,2026-03-21,835,835,1,1,N21,6.03,6.03,6.03,22.29692,69.99956,CROPLAND,AGRICULTURAL,NEARBY_OSM_INDUSTRIAL_FEATURE,SCREENING,way,1263638688.0,,,industrial,plant,,1.719,UNKNOWN,AGRICULTURAL,MEDIUM,MEDIUM,No strong OSM industrial association; WorldCover indicates cropland,No strong mapped industrial association; WorldCover=CROPLAND,Thermal observation occurs in cropland context; agricultural/biomass source is plausible
EVT_20260321_0030,2026-03-21,835,835,1,1,N21,7.8,7.8,7.8,22.32512,69.82381,CROPLAND,AGRICULTURAL,NEARBY_OSM_INDUSTRIAL_FEATURE,SCREENING,way,91585872.0,Reliance Refinery,refinery,industrial,,,1.622,UNKNOWN,AGRICULTURAL,MEDIUM,MEDIUM,No strong OSM industrial association; WorldCover indicates cropland,No strong mapped industrial association; WorldCover=CROPLAND,Thermal observation occurs in cropland context; agricultural/biomass source is plausible
EVT_20260321_0031,2026-03-21,835,835,1,1,N21,3.38,3.38,3.38,22.44778,69.98093,CROPLAND,AGRICULTURAL,NEARBY_OSM_INDUSTRIAL_FEATURE,SCREENING,way,984259059.0,,,industrial,,,2.473,UNKNOWN,AGRICULTURAL,MEDIUM,MEDIUM,No strong OSM industrial association; WorldCover indicates cropland,No strong mapped industrial association; WorldCover=CROPLAND,Thermal observation occurs in cropland context; agricultural/biomass source is plausible
EVT_20260321_0032,2026-03-21,835,835,1,1,N21,1.08,1.08,1.08,22.44946,69.99204,CROPLAND,AGRICULTURAL,NEARBY_OSM_INDUSTRIAL_FEATURE,SCREENING,way,984259059.0,,,industrial,,,2.082,UNKNOWN,AGRICULTURAL,MEDIUM,MEDIUM,No strong OSM industrial association; WorldCover indicates cropland,No strong mapped industrial association; WorldCover=CROPLAND,Thermal observation occurs in cropland context; agricultural/biomass source is plausible
EVT_20260321_0033,2026-03-21,835,835,1,1,N21,3.41,3.41,3.41,22.45982,69.97122,SHRUBLAND,NATURAL,NEARBY_OSM_INDUSTRIAL_FEATURE,SCREENING,way,984259062.0,,,industrial,,,3.788,UNKNOWN,FOREST_NATURAL,MEDIUM,MEDIUM,No strong OSM industrial association; WorldCover indicates natural vegetation,No strong mapped industrial association; WorldCover=SHRUBLAND,Thermal observation occurs in natural vegetation context; natural/vegetation source is plausible
EVT_20260321_0034,2026-03-21,2101,2101,1,1,N21,2.13,2.13,2.13,22.33971,69.8543,BUILT_UP,BUILT_UP,OSM_FEATURE_INTERSECTION,HIGH,way,91585872.0,Reliance Refinery,refinery,industrial,,,0.0,INDUSTRIAL_ASSOCIATED,INDUSTRIAL_ASSOCIATED,HIGH,VERY_HIGH,OSM industrial association + built-up WorldCover context,Thermal point intersects mapped industrial feature: Reliance Refinery; WorldCover=BUILT_UP,Thermal observation spatially associated with industrial infrastructure
EVT_20260322_0035,2026-03-22,813,813,1,1,N21,11.25,11.25,11.25,22.43778,69.99409,CROPLAND,AGRICULTURAL,NEARBY_OSM_INDUSTRIAL_FEATURE,SCREENING,way,984259059.0,,,industrial,,,0.782,INDUSTRIAL_ASSOCIATED,INDUSTRIAL_ASSOCIATED,MEDIUM,MEDIUM,OSM industrial association; WorldCover context=AGRICULTURAL,Thermal point is near mapped industrial feature; WorldCover=CROPLAND,Thermal observation spatially associated with industrial infrastructure
EVT_20260325_0036,2026-03-25,858,858,1,1,N21,13.79,13.79,13.79,22.38413,69.9849,CROPLAND,AGRICULTURAL,NO_NEARBY_OSM_FEATURE,NONE,,,,,,,,,UNKNOWN,AGRICULTURAL,MEDIUM,MEDIUM,No strong OSM industrial association; WorldCover indicates cropland,No strong mapped industrial association; WorldCover=CROPLAND,Thermal observation occurs in cropland context; agricultural/biomass source is plausible
EVT_20260325_0037,2026-03-25,2125,2125,1,1,N21,1.34,1.34,1.34,22.42959,69.83186,BUILT_UP,BUILT_UP,NEARBY_OSM_INDUSTRIAL_FEATURE,SCREENING,way,321060506.0,SHREE DIGVIJAY CEMENT,,industrial,,,0.05,INDUSTRIAL_ASSOCIATED,INDUSTRIAL_ASSOCIATED,HIGH,MEDIUM,OSM industrial association + built-up WorldCover context,Thermal point is 0.050 km from mapped industrial feature: SHREE DIGVIJAY CEMENT; WorldCover=BUILT_UP,Thermal observation spatially associated with industrial infrastructure
EVT_20260326_0038,2026-03-26,839,839,1,1,N21,15.67,15.67,15.67,22.35593,69.79166,CROPLAND,AGRICULTURAL,NEARBY_OSM_INDUSTRIAL_FEATURE,SCREENING,way,197338462.0,Vadinar Refinery,oil,industrial,,,1.944,UNKNOWN,AGRICULTURAL,MEDIUM,MEDIUM,No strong OSM industrial association; WorldCover indicates cropland,No strong mapped industrial association; WorldCover=CROPLAND,Thermal observation occurs in cropland context; agricultural/biomass source is plausible
EVT_20260326_0039,2026-03-26,839,839,1,1,N21,15.39,15.39,15.39,22.43152,69.97115,CROPLAND,AGRICULTURAL,NEARBY_OSM_INDUSTRIAL_FEATURE,SCREENING,way,984259062.0,,,industrial,,,2.393,UNKNOWN,AGRICULTURAL,MEDIUM,MEDIUM,No strong OSM industrial association; WorldCover indicates cropland,No strong mapped industrial association; WorldCover=CROPLAND,Thermal observation occurs in cropland context; agricultural/biomass source is plausible
EVT_20260326_0040,2026-03-26,2108,2108,1,1,N21,2.15,2.15,2.15,22.3382,69.85419,BUILT_UP,BUILT_UP,OSM_FEATURE_INTERSECTION,HIGH,way,91585872.0,Reliance Refinery,refinery,industrial,,,0.0,INDUSTRIAL_ASSOCIATED,INDUSTRIAL_ASSOCIATED,HIGH,VERY_HIGH,OSM industrial association + built-up WorldCover context,Thermal point intersects mapped industrial feature: Reliance Refinery; WorldCover=BUILT_UP,Thermal observation spatially associated with industrial infrastructure
EVT_20260327_0041,2026-03-27,820,820,1,1,N21,28.55,28.55,28.55,22.37992,69.95703,CROPLAND,AGRICULTURAL,NEARBY_OSM_INDUSTRIAL_FEATURE,SCREENING,way,1144541890.0,Pipli,,,substation,,3.02,UNKNOWN,AGRICULTURAL,MEDIUM,MEDIUM,No strong OSM industrial association; WorldCover indicates cropland,No strong mapped industrial association; WorldCover=CROPLAND,Thermal observation occurs in cropland context; agricultural/biomass source is plausible
EVT_20260327_0042,2026-03-27,2049,2049,1,1,N21,3.15,3.15,3.15,22.3405,69.85612,BUILT_UP,BUILT_UP,OSM_FEATURE_INTERSECTION,HIGH,way,91585872.0,Reliance Refinery,refinery,industrial,,,0.0,INDUSTRIAL_ASSOCIATED,INDUSTRIAL_ASSOCIATED,HIGH,VERY_HIGH,OSM industrial association + built-up WorldCover context,Thermal point intersects mapped industrial feature: Reliance Refinery; WorldCover=BUILT_UP,Thermal observation spatially associated with industrial infrastructure
EVT_20260327_0043,2026-03-27,2049,2049,1,1,N21,1.41,1.41,1.41,22.43019,69.83276,BUILT_UP,BUILT_UP,OSM_FEATURE_INTERSECTION,HIGH,way,321060506.0,SHREE DIGVIJAY CEMENT,,industrial,,,0.0,INDUSTRIAL_ASSOCIATED,INDUSTRIAL_ASSOCIATED,HIGH,VERY_HIGH,OSM industrial association + built-up WorldCover context,Thermal point intersects mapped industrial feature: SHREE DIGVIJAY CEMENT; WorldCover=BUILT_UP,Thermal observation spatially associated with industrial infrastructure
EVT_20260328_0044,2026-03-28,803,803,1,1,N21,3.08,3.08,3.08,22.29349,69.98151,CROPLAND,AGRICULTURAL,NEARBY_OSM_INDUSTRIAL_FEATURE,SCREENING,way,1263638688.0,,,industrial,plant,,1.767,UNKNOWN,AGRICULTURAL,MEDIUM,MEDIUM,No strong OSM industrial association; WorldCover indicates cropland,No strong mapped industrial association; WorldCover=CROPLAND,Thermal observation occurs in cropland context; agricultural/biomass source is plausible
EVT_20260328_0045,2026-03-28,803,803,1,1,N21,13.36,13.36,13.36,22.4136,69.89274,CROPLAND,AGRICULTURAL,NEARBY_OSM_INDUSTRIAL_FEATURE,SCREENING,way,227055220.0,Sapar,,,substation,,1.421,UNKNOWN,AGRICULTURAL,MEDIUM,MEDIUM,No strong OSM industrial association; WorldCover indicates cropland,No strong mapped industrial association; WorldCover=CROPLAND,Thermal observation occurs in cropland context; agricultural/biomass source is plausible
EVT_20260328_0046,2026-03-28,2029,2029,1,1,N21,2.96,2.96,2.96,22.33166,69.86633,BUILT_UP,BUILT_UP,OSM_FEATURE_INTERSECTION,HIGH,way,91585872.0,Reliance Refinery,refinery,industrial,,,0.0,INDUSTRIAL_ASSOCIATED,INDUSTRIAL_ASSOCIATED,HIGH,VERY_HIGH,OSM industrial association + built-up WorldCover context,Thermal point intersects mapped industrial feature: Reliance Refinery; WorldCover=BUILT_UP,Thermal observation spatially associated with industrial infrastructure
EVT_20260330_0047,2026-03-30,2131,2131,1,1,N21,3.81,3.81,3.81,22.33843,69.85404,BUILT_UP,BUILT_UP,OSM_FEATURE_INTERSECTION,HIGH,way,91585872.0,Reliance Refinery,refinery,industrial,,,0.0,INDUSTRIAL_ASSOCIATED,INDUSTRIAL_ASSOCIATED,HIGH,VERY_HIGH,OSM industrial association + built-up WorldCover context,Thermal point intersects mapped industrial feature: Reliance Refinery; WorldCover=BUILT_UP,Thermal observation spatially associated with industrial infrastructure
EVT_20260331_0048,2026-03-31,845,845,1,1,N21,18.98,18.98,18.98,22.25853,69.89301,CROPLAND,AGRICULTURAL,NEARBY_OSM_INDUSTRIAL_FEATURE,SCREENING,way,440206109.0,Moti Rafudad,,,substation,,2.781,UNKNOWN,AGRICULTURAL,MEDIUM,MEDIUM,No strong OSM industrial association; WorldCover indicates cropland,No strong mapped industrial association; WorldCover=CROPLAND,Thermal observation occurs in cropland context; agricultural/biomass source is plausible
EVT_20260331_0049,2026-03-31,2114,2114,1,1,N21,2.98,2.98,2.98,22.33841,69.85287,BUILT_UP,BUILT_UP,OSM_FEATURE_INTERSECTION,HIGH,way,91585872.0,Reliance Refinery,refinery,industrial,,,0.0,INDUSTRIAL_ASSOCIATED,INDUSTRIAL_ASSOCIATED,HIGH,VERY_HIGH,OSM industrial association + built-up WorldCover context,Thermal point intersects mapped industrial feature: Reliance Refinery; WorldCover=BUILT_UP,Thermal observation spatially associated with industrial infrastructure
EVT_20260405_0050,2026-04-05,852,852,1,1,N21,7.06,7.06,7.06,22.33744,69.71162,CROPLAND,AGRICULTURAL,NEARBY_OSM_INDUSTRIAL_FEATURE,SCREENING,way,223725824.0,Essar Power,,industrial,plant,,1.741,UNKNOWN,AGRICULTURAL,MEDIUM,MEDIUM,No strong OSM industrial association; WorldCover indicates cropland,No strong mapped industrial association; WorldCover=CROPLAND,Thermal observation occurs in cropland context; agricultural/biomass source is plausible
EVT_20260406_0051,2026-04-06,2101,2101,1,1,N21,1.62,1.62,1.62,22.33615,69.86816,BUILT_UP,BUILT_UP,OSM_FEATURE_INTERSECTION,HIGH,way,91585872.0,Reliance Refinery,refinery,industrial,,,0.0,INDUSTRIAL_ASSOCIATED,INDUSTRIAL_ASSOCIATED,HIGH,VERY_HIGH,OSM industrial association + built-up WorldCover context,Thermal point intersects mapped industrial feature: Reliance Refinery; WorldCover=BUILT_UP,Thermal observation spatially associated with industrial infrastructure
EVT_20260406_0052,2026-04-06,2101,2101,1,1,N21,2.21,2.21,2.21,22.33846,69.85339,BUILT_UP,BUILT_UP,OSM_FEATURE_INTERSECTION,HIGH,way,91585872.0,Reliance Refinery,refinery,industrial,,,0.0,INDUSTRIAL_ASSOCIATED,INDUSTRIAL_ASSOCIATED,HIGH,VERY_HIGH,OSM industrial association + built-up WorldCover context,Thermal point intersects mapped industrial feature: Reliance Refinery; WorldCover=BUILT_UP,Thermal observation spatially associated with industrial infrastructure
EVT_20260408_0053,2026-04-08,756,756,1,1,N21,1.67,1.67,1.67,22.39186,69.87063,CROPLAND,AGRICULTURAL,NEARBY_OSM_INDUSTRIAL_FEATURE,SCREENING,way,139793158.0,,,industrial,,,0.944,INDUSTRIAL_ASSOCIATED,INDUSTRIAL_ASSOCIATED,MEDIUM,MEDIUM,OSM industrial association; WorldCover context=AGRICULTURAL,Thermal point is near mapped industrial feature; WorldCover=CROPLAND,Thermal observation spatially associated with industrial infrastructure
EVT_20260408_0054,2026-04-08,2023,2023,2,1,N21,1.01,1.47,0.74,22.31271,69.71579,CROPLAND,AGRICULTURAL,NEARBY_OSM_INDUSTRIAL_FEATURE,SCREENING,way,223725824.0,Essar Power,,industrial,plant,,0.123,INDUSTRIAL_ASSOCIATED,INDUSTRIAL_ASSOCIATED,MEDIUM,MEDIUM,OSM industrial association; WorldCover context=AGRICULTURAL,Thermal point is 0.123 km from mapped industrial feature: Essar Power; WorldCover=CROPLAND,Thermal observation spatially associated with industrial infrastructure
EVT_20260409_0055,2026-04-09,2146,2146,2,1,N21,1.58,2.76,1.38,22.33046,69.739225,BARE_SPARSE_VEGETATION,OTHER,OSM_FEATURE_INTERSECTION,HIGH,way,197338462.0,Vadinar Refinery,oil,industrial,,,0.0,INDUSTRIAL_ASSOCIATED,INDUSTRIAL_ASSOCIATED,MEDIUM,HIGH,OSM industrial association; WorldCover context=OTHER,Thermal point intersects mapped industrial feature: Vadinar Refinery; WorldCover=BARE_SPARSE_VEGETATION,Thermal observation spatially associated with industrial infrastructure
EVT_20260410_0056,2026-04-10,858,858,1,1,N21,4.68,4.68,4.68,22.39724,69.82426,CROPLAND,AGRICULTURAL,NEARBY_OSM_INDUSTRIAL_FEATURE,SCREENING,way,684109100.0,,,industrial,,,1.315,UNKNOWN,AGRICULTURAL,MEDIUM,MEDIUM,No strong OSM industrial association; WorldCover indicates cropland,No strong mapped industrial association; WorldCover=CROPLAND,Thermal observation occurs in cropland context; agricultural/biomass source is plausible
EVT_20260410_0057,2026-04-10,2125,2125,2,1,N21,1.97,3.17,1.58,22.331725,69.73709,GRASSLAND,NATURAL,OSM_FEATURE_INTERSECTION,HIGH,way,197338462.0,Vadinar Refinery,oil,industrial,,,0.0,INDUSTRIAL_ASSOCIATED,INDUSTRIAL_ASSOCIATED,MEDIUM,HIGH,OSM industrial association; WorldCover context=NATURAL,Thermal point intersects mapped industrial feature: Vadinar Refinery; WorldCover=GRASSLAND,Thermal observation spatially associated with industrial infrastructure
EVT_20260410_0058,2026-04-10,2125,2125,1,1,N21,1.1,1.1,1.1,22.43124,69.83454,BUILT_UP,BUILT_UP,OSM_FEATURE_INTERSECTION,HIGH,way,321060506.0,SHREE DIGVIJAY CEMENT,,industrial,,,0.0,INDUSTRIAL_ASSOCIATED,INDUSTRIAL_ASSOCIATED,HIGH,VERY_HIGH,OSM industrial association + built-up WorldCover context,Thermal point intersects mapped industrial feature: SHREE DIGVIJAY CEMENT; WorldCover=BUILT_UP,Thermal observation spatially associated with industrial infrastructure
EVT_20260411_0059,2026-04-11,2108,2108,1,1,N21,1.72,1.72,1.72,22.33292,69.7366,CROPLAND,AGRICULTURAL,OSM_FEATURE_INTERSECTION,HIGH,way,197338462.0,Vadinar Refinery,oil,industrial,,,0.0,INDUSTRIAL_ASSOCIATED,INDUSTRIAL_ASSOCIATED,MEDIUM,HIGH,OSM industrial association; WorldCover context=AGRICULTURAL,Thermal point intersects mapped industrial feature: Vadinar Refinery; WorldCover=CROPLAND,Thermal observation spatially associated with industrial infrastructure
EVT_20260412_0060,2026-04-12,2046,2046,1,1,N21,1.92,1.92,1.92,22.33247,69.73551,BUILT_UP,BUILT_UP,OSM_FEATURE_INTERSECTION,HIGH,way,197338462.0,Vadinar Refinery,oil,industrial,,,0.0,INDUSTRIAL_ASSOCIATED,INDUSTRIAL_ASSOCIATED,HIGH,VERY_HIGH,OSM industrial association + built-up WorldCover context,Thermal point intersects mapped industrial feature: Vadinar Refinery; WorldCover=BUILT_UP,Thermal observation spatially associated with industrial infrastructure
EVT_20260414_0061,2026-04-14,2153,2153,1,1,N21,1.82,1.82,1.82,22.33009,69.73493,BUILT_UP,BUILT_UP,OSM_FEATURE_INTERSECTION,HIGH,way,197338462.0,Vadinar Refinery,oil,industrial,,,0.0,INDUSTRIAL_ASSOCIATED,INDUSTRIAL_ASSOCIATED,HIGH,VERY_HIGH,OSM industrial association + built-up WorldCover context,Thermal point intersects mapped industrial feature: Vadinar Refinery; WorldCover=BUILT_UP,Thermal observation spatially associated with industrial infrastructure
EVT_20260418_0062,2026-04-18,807,807,1,1,N21,13.65,13.65,13.65,22.45119,69.98673,CROPLAND,AGRICULTURAL,NEARBY_OSM_INDUSTRIAL_FEATURE,SCREENING,way,984259059.0,,,industrial,,,2.452,UNKNOWN,AGRICULTURAL,MEDIUM,MEDIUM,No strong OSM industrial association; WorldCover indicates cropland,No strong mapped industrial association; WorldCover=CROPLAND,Thermal observation occurs in cropland context; agricultural/biomass source is plausible
EVT_20260419_0063,2026-04-19,750,750,1,1,N21,9.06,9.06,9.06,22.20879,69.74622,CROPLAND,AGRICULTURAL,NO_NEARBY_OSM_FEATURE,NONE,,,,,,,,,UNKNOWN,AGRICULTURAL,MEDIUM,MEDIUM,No strong OSM industrial association; WorldCover indicates cropland,No strong mapped industrial association; WorldCover=CROPLAND,Thermal observation occurs in cropland context; agricultural/biomass source is plausible
EVT_20260422_0064,2026-04-22,2101,2101,1,1,N21,3.21,3.21,3.21,22.33941,69.85428,BUILT_UP,BUILT_UP,OSM_FEATURE_INTERSECTION,HIGH,way,91585872.0,Reliance Refinery,refinery,industrial,,,0.0,INDUSTRIAL_ASSOCIATED,INDUSTRIAL_ASSOCIATED,HIGH,VERY_HIGH,OSM industrial association + built-up WorldCover context,Thermal point intersects mapped industrial feature: Reliance Refinery; WorldCover=BUILT_UP,Thermal observation spatially associated with industrial infrastructure
EVT_20260501_0065,2026-05-01,905,905,1,1,N21,6.97,6.97,6.97,22.41263,69.93995,CROPLAND,AGRICULTURAL,NEARBY_OSM_INDUSTRIAL_FEATURE,SCREENING,way,984259062.0,,,industrial,,,2.222,UNKNOWN,AGRICULTURAL,MEDIUM,MEDIUM,No strong OSM industrial association; WorldCover indicates cropland,No strong mapped industrial association; WorldCover=CROPLAND,Thermal observation occurs in cropland context; agricultural/biomass source is plausible
EVT_20260501_0066,2026-05-01,2131,2131,1,1,N21,1.09,1.09,1.09,22.41554,69.92569,CROPLAND,AGRICULTURAL,NEARBY_OSM_INDUSTRIAL_FEATURE,SCREENING,way,984259062.0,,,industrial,,,2.811,UNKNOWN,AGRICULTURAL,MEDIUM,MEDIUM,No strong OSM industrial association; WorldCover indicates cropland,No strong mapped industrial association; WorldCover=CROPLAND,Thermal observation occurs in cropland context; agricultural/biomass source is plausible
EVT_20260502_0067,2026-05-02,845,845,1,1,N21,16.38,16.38,16.38,22.25767,69.79171,CROPLAND,AGRICULTURAL,NEARBY_OSM_INDUSTRIAL_FEATURE,SCREENING,way,512087951.0,Modpar,,,substation,,0.165,UNKNOWN,AGRICULTURAL,MEDIUM,MEDIUM,No strong OSM industrial association; WorldCover indicates cropland,No strong mapped industrial association; WorldCover=CROPLAND,Thermal observation occurs in cropland context; agricultural/biomass source is plausible
EVT_20260503_0068,2026-05-03,826,826,1,1,N21,8.14,8.14,8.14,22.35215,69.8322,CROPLAND,AGRICULTURAL,NEARBY_OSM_INDUSTRIAL_FEATURE,SCREENING,way,91585872.0,Reliance Refinery,refinery,industrial,,,0.643,INDUSTRIAL_ASSOCIATED,INDUSTRIAL_ASSOCIATED,MEDIUM,MEDIUM,OSM industrial association; WorldCover context=AGRICULTURAL,Thermal point is 0.643 km from mapped industrial feature: Reliance Refinery; WorldCover=CROPLAND,Thermal observation spatially associated with industrial infrastructure
EVT_20260505_0069,2026-05-05,2019,2019,2,1,N21,4.16,8.16,4.08,22.32329,69.87823,BUILT_UP,BUILT_UP,OSM_FEATURE_INTERSECTION,HIGH,way,91585872.0,Reliance Refinery,refinery,industrial,,,0.0,INDUSTRIAL_ASSOCIATED,INDUSTRIAL_ASSOCIATED,HIGH,VERY_HIGH,OSM industrial association + built-up WorldCover context,Thermal point intersects mapped industrial feature: Reliance Refinery; WorldCover=BUILT_UP,Thermal observation spatially associated with industrial infrastructure
EVT_20260506_0070,2026-05-06,909,909,2,1,N21,6.21,11.29,5.64,22.2946,69.934085,CROPLAND,AGRICULTURAL,NEARBY_OSM_INDUSTRIAL_FEATURE,SCREENING,way,1159186269.0,,,industrial,,,2.233,UNKNOWN,AGRICULTURAL,MEDIUM,MEDIUM,No strong OSM industrial association; WorldCover indicates cropland,No strong mapped industrial association; WorldCover=CROPLAND,Thermal observation occurs in cropland context; agricultural/biomass source is plausible
EVT_20260506_0071,2026-05-06,2138,2138,1,1,N21,2.09,2.09,2.09,22.33965,69.86987,BARE_SPARSE_VEGETATION,OTHER,OSM_FEATURE_INTERSECTION,HIGH,way,91585872.0,Reliance Refinery,refinery,industrial,,,0.0,INDUSTRIAL_ASSOCIATED,INDUSTRIAL_ASSOCIATED,MEDIUM,HIGH,OSM industrial association; WorldCover context=OTHER,Thermal point intersects mapped industrial feature: Reliance Refinery; WorldCover=BARE_SPARSE_VEGETATION,Thermal observation spatially associated with industrial infrastructure
EVT_20260511_0072,2026-05-11,2144,2144,1,1,N21,1.26,1.26,1.26,22.32724,69.73833,CROPLAND,AGRICULTURAL,OSM_FEATURE_INTERSECTION,HIGH,way,197338462.0,Vadinar Refinery,oil,industrial,,,0.0,INDUSTRIAL_ASSOCIATED,INDUSTRIAL_ASSOCIATED,MEDIUM,HIGH,OSM industrial association; WorldCover context=AGRICULTURAL,Thermal point intersects mapped industrial feature: Vadinar Refinery; WorldCover=CROPLAND,Thermal observation spatially associated with industrial infrastructure
EVT_20260512_0073,2026-05-12,2125,2125,1,1,N21,9.71,9.71,9.71,22.32963,69.73843,BUILT_UP,BUILT_UP,OSM_FEATURE_INTERSECTION,HIGH,way,197338462.0,Vadinar Refinery,oil,industrial,,,0.0,INDUSTRIAL_ASSOCIATED,INDUSTRIAL_ASSOCIATED,HIGH,VERY_HIGH,OSM industrial association + built-up WorldCover context,Thermal point intersects mapped industrial feature: Vadinar Refinery; WorldCover=BUILT_UP,Thermal observation spatially associated with industrial infrastructure
EVT_20260513_0074,2026-05-13,837,837,1,1,N21,9.88,9.88,9.88,22.33224,69.73727,GRASSLAND,NATURAL,OSM_FEATURE_INTERSECTION,HIGH,way,197338462.0,Vadinar Refinery,oil,industrial,,,0.0,INDUSTRIAL_ASSOCIATED,INDUSTRIAL_ASSOCIATED,MEDIUM,HIGH,OSM industrial association; WorldCover context=NATURAL,Thermal point intersects mapped industrial feature: Vadinar Refinery; WorldCover=GRASSLAND,Thermal observation spatially associated with industrial infrastructure
EVT_20260513_0075,2026-05-13,2108,2108,2,1,N21,1.18,1.82,0.91,22.331325,69.735005,BUILT_UP,BUILT_UP,OSM_FEATURE_INTERSECTION,HIGH,way,197338462.0,Vadinar Refinery,oil,industrial,,,0.0,INDUSTRIAL_ASSOCIATED,INDUSTRIAL_ASSOCIATED,HIGH,VERY_HIGH,OSM industrial association + built-up WorldCover context,Thermal point intersects mapped industrial feature: Vadinar Refinery; WorldCover=BUILT_UP,Thermal observation spatially associated with industrial infrastructure
EVT_20260514_0076,2026-05-14,2046,2046,2,1,N21,3.59,6.9,3.45,22.3218,69.88053,BUILT_UP,BUILT_UP,OSM_FEATURE_INTERSECTION,HIGH,way,91585872.0,Reliance Refinery,refinery,industrial,,,0.0,INDUSTRIAL_ASSOCIATED,INDUSTRIAL_ASSOCIATED,HIGH,VERY_HIGH,OSM industrial association + built-up WorldCover context,Thermal point intersects mapped industrial feature: Reliance Refinery; WorldCover=BUILT_UP,Thermal observation spatially associated with industrial infrastructure
EVT_20260514_0077,2026-05-14,2046,2046,2,1,N21,3.17,5.22,2.61,22.33146,69.734295,BARE_SPARSE_VEGETATION,OTHER,OSM_FEATURE_INTERSECTION,HIGH,way,197338462.0,Vadinar Refinery,oil,industrial,,,0.0,INDUSTRIAL_ASSOCIATED,INDUSTRIAL_ASSOCIATED,MEDIUM,HIGH,OSM industrial association; WorldCover context=OTHER,Thermal point intersects mapped industrial feature: Vadinar Refinery; WorldCover=BARE_SPARSE_VEGETATION,Thermal observation spatially associated with industrial infrastructure
EVT_20260515_0078,2026-05-15,2029,2029,1,1,N21,8.27,8.27,8.27,22.33148,69.73385,BARE_SPARSE_VEGETATION,OTHER,OSM_FEATURE_INTERSECTION,HIGH,way,197338462.0,Vadinar Refinery,oil,industrial,,,0.0,INDUSTRIAL_ASSOCIATED,INDUSTRIAL_ASSOCIATED,MEDIUM,HIGH,OSM industrial association; WorldCover context=OTHER,Thermal point intersects mapped industrial feature: Vadinar Refinery; WorldCover=BARE_SPARSE_VEGETATION,Thermal observation spatially associated with industrial infrastructure
EVT_20260516_0079,2026-05-16,741,922,4,1,N21,10.05,37.46,9.36,22.330675,69.735048,SHRUBLAND,NATURAL,OSM_FEATURE_INTERSECTION,HIGH,way,197338462.0,Vadinar Refinery,oil,industrial,,,0.0,INDUSTRIAL_ASSOCIATED,INDUSTRIAL_ASSOCIATED,MEDIUM,HIGH,OSM industrial association; WorldCover context=NATURAL,Thermal point intersects mapped industrial feature: Vadinar Refinery; WorldCover=SHRUBLAND,Thermal observation spatially associated with industrial infrastructure
EVT_20260516_0080,2026-05-16,2153,2153,2,1,N21,6.64,11.65,5.82,22.332375,69.738385,BUILT_UP,BUILT_UP,OSM_FEATURE_INTERSECTION,HIGH,way,197338462.0,Vadinar Refinery,oil,industrial,,,0.0,INDUSTRIAL_ASSOCIATED,INDUSTRIAL_ASSOCIATED,HIGH,VERY_HIGH,OSM industrial association + built-up WorldCover context,Thermal point intersects mapped industrial feature: Vadinar Refinery; WorldCover=BUILT_UP,Thermal observation spatially associated with industrial infrastructure
EVT_20260520_0081,2026-05-20,2036,2036,2,1,N21,5.27,9.95,4.97,22.33221,69.73236,SHRUBLAND,NATURAL,NEARBY_OSM_INDUSTRIAL_FEATURE,SCREENING,way,197338462.0,Vadinar Refinery,oil,industrial,,,0.022,INDUSTRIAL_ASSOCIATED,INDUSTRIAL_ASSOCIATED,MEDIUM,MEDIUM,OSM industrial association; WorldCover context=NATURAL,Thermal point is 0.022 km from mapped industrial feature: Vadinar Refinery; WorldCover=SHRUBLAND,Thermal observation spatially associated with industrial infrastructure
EVT_20260521_0082,2026-05-21,748,748,1,1,N21,3.31,3.31,3.31,22.33461,69.73081,TREE_COVER,NATURAL,NEARBY_OSM_INDUSTRIAL_FEATURE,SCREENING,way,197338462.0,Vadinar Refinery,oil,industrial,,,0.329,INDUSTRIAL_ASSOCIATED,INDUSTRIAL_ASSOCIATED,MEDIUM,MEDIUM,OSM industrial association; WorldCover context=NATURAL,Thermal point is 0.329 km from mapped industrial feature: Vadinar Refinery; WorldCover=TREE_COVER,Thermal observation spatially associated with industrial infrastructure
EVT_20260521_0083,2026-05-21,2017,2017,1,1,N21,1.48,1.48,1.48,22.3301,69.73223,BUILT_UP,BUILT_UP,OSM_FEATURE_INTERSECTION,HIGH,way,197338462.0,Vadinar Refinery,oil,industrial,,,0.0,INDUSTRIAL_ASSOCIATED,INDUSTRIAL_ASSOCIATED,HIGH,VERY_HIGH,OSM industrial association + built-up WorldCover context,Thermal point intersects mapped industrial feature: Vadinar Refinery; WorldCover=BUILT_UP,Thermal observation spatially associated with industrial infrastructure
EVT_20260522_0084,2026-05-22,2138,2138,2,1,N21,1.01,1.78,0.89,22.310075,69.720255,SHRUBLAND,NATURAL,OSM_FEATURE_INTERSECTION,HIGH,way,197338462.0,Vadinar Refinery,oil,industrial,,,0.0,INDUSTRIAL_ASSOCIATED,INDUSTRIAL_ASSOCIATED,MEDIUM,HIGH,OSM industrial association; WorldCover context=NATURAL,Thermal point intersects mapped industrial feature: Vadinar Refinery; WorldCover=SHRUBLAND,Thermal observation spatially associated with industrial infrastructure
EVT_20260522_0085,2026-05-22,2138,2138,1,1,N21,6.76,6.76,6.76,22.33207,69.73598,BUILT_UP,BUILT_UP,OSM_FEATURE_INTERSECTION,HIGH,way,197338462.0,Vadinar Refinery,oil,industrial,,,0.0,INDUSTRIAL_ASSOCIATED,INDUSTRIAL_ASSOCIATED,HIGH,VERY_HIGH,OSM industrial association + built-up WorldCover context,Thermal point intersects mapped industrial feature: Vadinar Refinery; WorldCover=BUILT_UP,Thermal observation spatially associated with industrial infrastructure
EVT_20260523_0086,2026-05-23,852,852,1,1,N21,16.01,16.01,16.01,22.33337,69.73755,CROPLAND,AGRICULTURAL,OSM_FEATURE_INTERSECTION,HIGH,way,197338462.0,Vadinar Refinery,oil,industrial,,,0.0,INDUSTRIAL_ASSOCIATED,INDUSTRIAL_ASSOCIATED,MEDIUM,HIGH,OSM industrial association; WorldCover context=AGRICULTURAL,Thermal point intersects mapped industrial feature: Vadinar Refinery; WorldCover=CROPLAND,Thermal observation spatially associated with industrial infrastructure
EVT_20260523_0087,2026-05-23,2121,2121,1,1,N21,1.97,1.97,1.97,22.3384,69.85451,BUILT_UP,BUILT_UP,OSM_FEATURE_INTERSECTION,HIGH,way,91585872.0,Reliance Refinery,refinery,industrial,,,0.0,INDUSTRIAL_ASSOCIATED,INDUSTRIAL_ASSOCIATED,HIGH,VERY_HIGH,OSM industrial association + built-up WorldCover context,Thermal point intersects mapped industrial feature: Reliance Refinery; WorldCover=BUILT_UP,Thermal observation spatially associated with industrial infrastructure
EVT_20260524_0088,2026-05-24,833,833,1,1,N21,4.55,4.55,4.55,22.29005,69.74286,SHRUBLAND,NATURAL,NEARBY_OSM_INDUSTRIAL_FEATURE,SCREENING,way,197338462.0,Vadinar Refinery,oil,industrial,,,2.247,UNKNOWN,FOREST_NATURAL,MEDIUM,MEDIUM,No strong OSM industrial association; WorldCover indicates natural vegetation,No strong mapped industrial association; WorldCover=SHRUBLAND,Thermal observation occurs in natural vegetation context; natural/vegetation source is plausible
EVT_20260524_0089,2026-05-24,833,833,2,1,N21,11.06,18.69,9.35,22.331155,69.735595,BUILT_UP,BUILT_UP,OSM_FEATURE_INTERSECTION,HIGH,way,197338462.0,Vadinar Refinery,oil,industrial,,,0.0,INDUSTRIAL_ASSOCIATED,INDUSTRIAL_ASSOCIATED,HIGH,VERY_HIGH,OSM industrial association + built-up WorldCover context,Thermal point intersects mapped industrial feature: Vadinar Refinery; WorldCover=BUILT_UP,Thermal observation spatially associated with industrial infrastructure
EVT_20260527_0090,2026-05-27,2004,2144,3,1,N21,6.4,14.02,4.67,22.331953,69.73161,GRASSLAND,NATURAL,NEARBY_OSM_INDUSTRIAL_FEATURE,SCREENING,way,197338462.0,Vadinar Refinery,oil,industrial,,,0.05,INDUSTRIAL_ASSOCIATED,INDUSTRIAL_ASSOCIATED,MEDIUM,MEDIUM,OSM industrial association; WorldCover context=NATURAL,Thermal point is 0.050 km from mapped industrial feature: Vadinar Refinery; WorldCover=GRASSLAND,Thermal observation spatially associated with industrial infrastructure
EVT_20260527_0091,2026-05-27,2004,2144,3,1,N21,2.75,7.82,2.61,22.347947,69.751813,CROPLAND,AGRICULTURAL,OSM_FEATURE_INTERSECTION,HIGH,way,197338462.0,Vadinar Refinery,oil,industrial,,,0.0,INDUSTRIAL_ASSOCIATED,INDUSTRIAL_ASSOCIATED,MEDIUM,HIGH,OSM industrial association; WorldCover context=AGRICULTURAL,Thermal point intersects mapped industrial feature: Vadinar Refinery; WorldCover=CROPLAND,Thermal observation spatially associated with industrial infrastructure
EVT_20260529_0092,2026-05-29,2108,2108,1,1,N21,1.95,1.95,1.95,22.33627,69.86784,BUILT_UP,BUILT_UP,OSM_FEATURE_INTERSECTION,HIGH,way,91585872.0,Reliance Refinery,refinery,industrial,,,0.0,INDUSTRIAL_ASSOCIATED,INDUSTRIAL_ASSOCIATED,HIGH,VERY_HIGH,OSM industrial association + built-up WorldCover context,Thermal point intersects mapped industrial feature: Reliance Refinery; WorldCover=BUILT_UP,Thermal observation spatially associated with industrial infrastructure
EVT_20260601_0093,2026-06-01,2104,2150,2,2,"N20,N21",1.72,2.69,1.34,22.329155,69.738215,SHRUBLAND,NATURAL,OSM_FEATURE_INTERSECTION,HIGH,way,197338462.0,Vadinar Refinery,oil,industrial,,,0.0,INDUSTRIAL_ASSOCIATED,INDUSTRIAL_ASSOCIATED,MEDIUM,HIGH,OSM industrial association; WorldCover context=NATURAL,Thermal point intersects mapped industrial feature: Vadinar Refinery; WorldCover=SHRUBLAND,Thermal observation spatially associated with industrial infrastructure
EVT_20260603_0094,2026-06-03,2114,2114,1,1,N21,2.16,2.16,2.16,22.33898,69.85458,BUILT_UP,BUILT_UP,OSM_FEATURE_INTERSECTION,HIGH,way,91585872.0,Reliance Refinery,refinery,industrial,,,0.0,INDUSTRIAL_ASSOCIATED,INDUSTRIAL_ASSOCIATED,HIGH,VERY_HIGH,OSM industrial association + built-up WorldCover context,Thermal point intersects mapped industrial feature: Reliance Refinery; WorldCover=BUILT_UP,Thermal observation spatially associated with industrial infrastructure
EVT_20260604_0095,2026-06-04,920,920,2,1,N20,2.63,5.26,2.63,22.32907,69.740595,SHRUBLAND,NATURAL,OSM_FEATURE_INTERSECTION,HIGH,way,197338462.0,Vadinar Refinery,oil,industrial,,,0.0,INDUSTRIAL_ASSOCIATED,INDUSTRIAL_ASSOCIATED,MEDIUM,HIGH,OSM industrial association; WorldCover context=NATURAL,Thermal point intersects mapped industrial feature: Vadinar Refinery; WorldCover=SHRUBLAND,Thermal observation spatially associated with industrial infrastructure
EVT_20260606_0096,2026-06-06,2110,2110,1,1,N20,3.51,3.51,3.51,22.34049,69.85591,BUILT_UP,BUILT_UP,OSM_FEATURE_INTERSECTION,HIGH,way,91585872.0,Reliance Refinery,refinery,industrial,,,0.0,INDUSTRIAL_ASSOCIATED,INDUSTRIAL_ASSOCIATED,HIGH,VERY_HIGH,OSM industrial association + built-up WorldCover context,Thermal point intersects mapped industrial feature: Reliance Refinery; WorldCover=BUILT_UP,Thermal observation spatially associated with industrial infrastructure
EVT_20260608_0097,2026-06-08,2121,2121,2,1,N21,4.54,6.92,3.46,22.31896,69.884235,BUILT_UP,BUILT_UP,OSM_FEATURE_INTERSECTION,HIGH,way,91585872.0,Reliance Refinery,refinery,industrial,,,0.0,INDUSTRIAL_ASSOCIATED,INDUSTRIAL_ASSOCIATED,HIGH,VERY_HIGH,OSM industrial association + built-up WorldCover context,Thermal point intersects mapped industrial feature: Reliance Refinery; WorldCover=BUILT_UP,Thermal observation spatially associated with industrial infrastructure
EVT_20260609_0098,2026-06-09,833,926,2,2,"N20,N21",14.6,18.28,9.14,22.32029,69.884985,BUILT_UP,BUILT_UP,NEARBY_OSM_INDUSTRIAL_FEATURE,SCREENING,way,91585872.0,Reliance Refinery,refinery,industrial,,,0.032,INDUSTRIAL_ASSOCIATED,INDUSTRIAL_ASSOCIATED,HIGH,MEDIUM,OSM industrial association + built-up WorldCover context,Thermal point is 0.032 km from mapped industrial feature: Reliance Refinery; WorldCover=BUILT_UP,Thermal observation spatially associated with industrial infrastructure
EVT_20260609_0099,2026-06-09,2014,2153,21,2,"N20,N21",16.63,173.05,8.24,22.322763,69.88063,BUILT_UP,BUILT_UP,OSM_FEATURE_INTERSECTION,HIGH,way,91585872.0,Reliance Refinery,refinery,industrial,,,0.0,INDUSTRIAL_ASSOCIATED,INDUSTRIAL_ASSOCIATED,HIGH,VERY_HIGH,OSM industrial association + built-up WorldCover context,Thermal point intersects mapped industrial feature: Reliance Refinery; WorldCover=BUILT_UP,Thermal observation spatially associated with industrial infrastructure
EVT_20260612_0100,2026-06-12,2057,2057,1,1,N20,2.24,2.24,2.24,22.33482,69.8681,BUILT_UP,BUILT_UP,OSM_FEATURE_INTERSECTION,HIGH,way,91585872.0,Reliance Refinery,refinery,industrial,,,0.0,INDUSTRIAL_ASSOCIATED,INDUSTRIAL_ASSOCIATED,HIGH,VERY_HIGH,OSM industrial association + built-up WorldCover context,Thermal point intersects mapped industrial feature: Reliance Refinery; WorldCover=BUILT_UP,Thermal observation spatially associated with industrial infrastructure
EVT_20260614_0101,2026-06-14,2019,2019,1,1,N20,3.86,3.86,3.86,22.34205,69.8616,BUILT_UP,BUILT_UP,OSM_FEATURE_INTERSECTION,HIGH,way,91585872.0,Reliance Refinery,refinery,industrial,,,0.0,INDUSTRIAL_ASSOCIATED,INDUSTRIAL_ASSOCIATED,HIGH,VERY_HIGH,OSM industrial association + built-up WorldCover context,Thermal point intersects mapped industrial feature: Reliance Refinery; WorldCover=BUILT_UP,Thermal observation spatially associated with industrial infrastructure
EVT_20260615_0102,2026-06-15,2046,2142,2,2,"N20,N21",3.97,7.4,3.7,22.343095,69.86753,BARE_SPARSE_VEGETATION,OTHER,OSM_FEATURE_INTERSECTION,HIGH,way,91585872.0,Reliance Refinery,refinery,industrial,,,0.0,INDUSTRIAL_ASSOCIATED,INDUSTRIAL_ASSOCIATED,MEDIUM,HIGH,OSM industrial association; WorldCover context=OTHER,Thermal point intersects mapped industrial feature: Reliance Refinery; WorldCover=BARE_SPARSE_VEGETATION,Thermal observation spatially associated with industrial infrastructure
EVT_20260617_0103,2026-06-17,2010,2104,3,2,"N20,N21",3.47,8.85,2.95,22.320727,69.87794,BARE_SPARSE_VEGETATION,OTHER,OSM_FEATURE_INTERSECTION,HIGH,way,91585872.0,Reliance Refinery,refinery,industrial,,,0.0,INDUSTRIAL_ASSOCIATED,INDUSTRIAL_ASSOCIATED,MEDIUM,HIGH,OSM industrial association; WorldCover context=OTHER,Thermal point intersects mapped industrial feature: Reliance Refinery; WorldCover=BARE_SPARSE_VEGETATION,Thermal observation spatially associated with industrial infrastructure
EVT_20260617_0104,2026-06-17,2104,2104,1,1,N20,2.02,2.02,2.02,22.3363,69.86761,BUILT_UP,BUILT_UP,OSM_FEATURE_INTERSECTION,HIGH,way,91585872.0,Reliance Refinery,refinery,industrial,,,0.0,INDUSTRIAL_ASSOCIATED,INDUSTRIAL_ASSOCIATED,HIGH,VERY_HIGH,OSM industrial association + built-up WorldCover context,Thermal point intersects mapped industrial feature: Reliance Refinery; WorldCover=BUILT_UP,Thermal observation spatially associated with industrial infrastructure
EVT_20260619_0105,2026-06-19,2114,2114,1,1,N21,3.09,3.09,3.09,22.33996,69.85391,BUILT_UP,BUILT_UP,OSM_FEATURE_INTERSECTION,HIGH,way,91585872.0,Reliance Refinery,refinery,industrial,,,0.0,INDUSTRIAL_ASSOCIATED,INDUSTRIAL_ASSOCIATED,HIGH,VERY_HIGH,OSM industrial association + built-up WorldCover context,Thermal point intersects mapped industrial feature: Reliance Refinery; WorldCover=BUILT_UP,Thermal observation spatially associated with industrial infrastructure
EVT_20260620_0106,2026-06-20,2053,2053,1,1,N21,4.58,4.58,4.58,22.34022,69.85422,BUILT_UP,BUILT_UP,OSM_FEATURE_INTERSECTION,HIGH,way,91585872.0,Reliance Refinery,refinery,industrial,,,0.0,INDUSTRIAL_ASSOCIATED,INDUSTRIAL_ASSOCIATED,HIGH,VERY_HIGH,OSM industrial association + built-up WorldCover context,Thermal point intersects mapped industrial feature: Reliance Refinery; WorldCover=BUILT_UP,Thermal observation spatially associated with industrial infrastructure
EVT_20260621_0107,2026-06-21,900,900,1,1,N20,2.53,2.53,2.53,22.4379,69.91242,BARE_SPARSE_VEGETATION,OTHER,NEARBY_OSM_INDUSTRIAL_FEATURE,SCREENING,way,984259062.0,,,industrial,,,3.542,UNKNOWN,OTHER,LOW,MEDIUM,No strong OSM industrial association; WorldCover context=BARE_SPARSE_VEGETATION,No strong mapped industrial association; WorldCover=BARE_SPARSE_VEGETATION,Thermal observation has no strong industrial association and occurs in another land-cover context
EVT_20260622_0108,2026-06-22,2110,2110,1,1,N20,3.85,3.85,3.85,22.33511,69.86858,BUILT_UP,BUILT_UP,OSM_FEATURE_INTERSECTION,HIGH,way,91585872.0,Reliance Refinery,refinery,industrial,,,0.0,INDUSTRIAL_ASSOCIATED,INDUSTRIAL_ASSOCIATED,HIGH,VERY_HIGH,OSM industrial association + built-up WorldCover context,Thermal point intersects mapped industrial feature: Reliance Refinery; WorldCover=BUILT_UP,Thermal observation spatially associated with industrial infrastructure
EVT_20260623_0109,2026-06-23,2051,2051,1,1,N20,2.59,2.59,2.59,22.33834,69.868,BUILT_UP,BUILT_UP,OSM_FEATURE_INTERSECTION,HIGH,way,91585872.0,Reliance Refinery,refinery,industrial,,,0.0,INDUSTRIAL_ASSOCIATED,INDUSTRIAL_ASSOCIATED,HIGH,VERY_HIGH,OSM industrial association + built-up WorldCover context,Thermal point intersects mapped industrial feature: Reliance Refinery; WorldCover=BUILT_UP,Thermal observation spatially associated with industrial infrastructure
EVT_20260623_0110,2026-06-23,2051,2051,1,1,N20,2.99,2.99,2.99,22.34016,69.85503,BUILT_UP,BUILT_UP,OSM_FEATURE_INTERSECTION,HIGH,way,91585872.0,Reliance Refinery,refinery,industrial,,,0.0,INDUSTRIAL_ASSOCIATED,INDUSTRIAL_ASSOCIATED,HIGH,VERY_HIGH,OSM industrial association + built-up WorldCover context,Thermal point intersects mapped industrial feature: Reliance Refinery; WorldCover=BUILT_UP,Thermal observation spatially associated with industrial infrastructure
EVT_20260625_0111,2026-06-25,2059,2059,1,1,N21,4.65,4.65,4.65,22.33689,69.86764,BUILT_UP,BUILT_UP,OSM_FEATURE_INTERSECTION,HIGH,way,91585872.0,Reliance Refinery,refinery,industrial,,,0.0,INDUSTRIAL_ASSOCIATED,INDUSTRIAL_ASSOCIATED,HIGH,VERY_HIGH,OSM industrial association + built-up WorldCover context,Thermal point intersects mapped industrial feature: Reliance Refinery; WorldCover=BUILT_UP,Thermal observation spatially associated with industrial infrastructure
EVT_20260627_0112,2026-06-27,2116,2116,1,1,N20,3.05,3.05,3.05,22.32294,69.88258,PERMANENT_WATER_BODIES,OTHER,OSM_FEATURE_INTERSECTION,HIGH,way,91585872.0,Reliance Refinery,refinery,industrial,,,0.0,INDUSTRIAL_ASSOCIATED,INDUSTRIAL_ASSOCIATED,MEDIUM,HIGH,OSM industrial association; WorldCover context=OTHER,Thermal point intersects mapped industrial feature: Reliance Refinery; WorldCover=PERMANENT_WATER_BODIES,Thermal observation spatially associated with industrial infrastructure
EVT_20260627_0113,2026-06-27,2116,2116,1,1,N20,3.08,3.08,3.08,22.3391,69.85394,BUILT_UP,BUILT_UP,OSM_FEATURE_INTERSECTION,HIGH,way,91585872.0,Reliance Refinery,refinery,industrial,,,0.0,INDUSTRIAL_ASSOCIATED,INDUSTRIAL_ASSOCIATED,HIGH,VERY_HIGH,OSM industrial association + built-up WorldCover context,Thermal point intersects mapped industrial feature: Reliance Refinery; WorldCover=BUILT_UP,Thermal observation spatially associated with industrial infrastructure
EVT_20260628_0114,2026-06-28,2057,2057,1,1,N20,1.18,1.18,1.18,22.33986,69.85631,BUILT_UP,BUILT_UP,OSM_FEATURE_INTERSECTION,HIGH,way,91585872.0,Reliance Refinery,refinery,industrial,,,0.0,INDUSTRIAL_ASSOCIATED,INDUSTRIAL_ASSOCIATED,HIGH,VERY_HIGH,OSM industrial association + built-up WorldCover context,Thermal point intersects mapped industrial feature: Reliance Refinery; WorldCover=BUILT_UP,Thermal observation spatially associated with industrial infrastructure
EVT_20260629_0115,2026-06-29,2125,2125,1,1,N21,3.72,3.72,3.72,22.33484,69.86742,BUILT_UP,BUILT_UP,OSM_FEATURE_INTERSECTION,HIGH,way,91585872.0,Reliance Refinery,refinery,industrial,,,0.0,INDUSTRIAL_ASSOCIATED,INDUSTRIAL_ASSOCIATED,HIGH,VERY_HIGH,OSM industrial association + built-up WorldCover context,Thermal point intersects mapped industrial feature: Reliance Refinery; WorldCover=BUILT_UP,Thermal observation spatially associated with industrial infrastructure
EVT_20260629_0116,2026-06-29,2125,2125,1,1,N21,4.19,4.19,4.19,22.33735,69.85474,BUILT_UP,BUILT_UP,OSM_FEATURE_INTERSECTION,HIGH,way,91585872.0,Reliance Refinery,refinery,industrial,,,0.0,INDUSTRIAL_ASSOCIATED,INDUSTRIAL_ASSOCIATED,HIGH,VERY_HIGH,OSM industrial association + built-up WorldCover context,Thermal point intersects mapped industrial feature: Reliance Refinery; WorldCover=BUILT_UP,Thermal observation spatially associated with industrial infrastructure
EVT_20260630_0117,2026-06-30,2108,2108,1,1,N21,3.66,3.66,3.66,22.33558,69.86704,BUILT_UP,BUILT_UP,OSM_FEATURE_INTERSECTION,HIGH,way,91585872.0,Reliance Refinery,refinery,industrial,,,0.0,INDUSTRIAL_ASSOCIATED,INDUSTRIAL_ASSOCIATED,HIGH,VERY_HIGH,OSM industrial association + built-up WorldCover context,Thermal point intersects mapped industrial feature: Reliance Refinery; WorldCover=BUILT_UP,Thermal observation spatially associated with industrial infrastructure
EVT_20260630_0118,2026-06-30,2108,2108,1,1,N21,4.4,4.4,4.4,22.33749,69.85552,BUILT_UP,BUILT_UP,OSM_FEATURE_INTERSECTION,HIGH,way,91585872.0,Reliance Refinery,refinery,industrial,,,0.0,INDUSTRIAL_ASSOCIATED,INDUSTRIAL_ASSOCIATED,HIGH,VERY_HIGH,OSM industrial association + built-up WorldCover context,Thermal point intersects mapped industrial feature: Reliance Refinery; WorldCover=BUILT_UP,Thermal observation spatially associated with industrial infrastructure
EVT_20260708_0119,2026-07-08,2110,2110,1,1,N20,3.26,3.26,3.26,22.33493,69.86871,BUILT_UP,BUILT_UP,OSM_FEATURE_INTERSECTION,HIGH,way,91585872.0,Reliance Refinery,refinery,industrial,,,0.0,INDUSTRIAL_ASSOCIATED,INDUSTRIAL_ASSOCIATED,HIGH,VERY_HIGH,OSM industrial association + built-up WorldCover context,Thermal point intersects mapped industrial feature: Reliance Refinery; WorldCover=BUILT_UP,Thermal observation spatially associated with industrial infrastructure
EVT_20260716_0120,2026-07-16,2201,2201,1,1,N20,4.27,4.27,4.27,22.3349,69.86817,BARE_SPARSE_VEGETATION,OTHER,OSM_FEATURE_INTERSECTION,HIGH,way,91585872.0,Reliance Refinery,refinery,industrial,,,0.0,INDUSTRIAL_ASSOCIATED,INDUSTRIAL_ASSOCIATED,MEDIUM,HIGH,OSM industrial association; WorldCover context=OTHER,Thermal point intersects mapped industrial feature: Reliance Refinery; WorldCover=BARE_SPARSE_VEGETATION,Thermal observation spatially associated with industrial infrastructure
EVT_20260718_0121,2026-07-18,2029,2029,1,1,N21,5.78,5.78,5.78,22.33016,69.86285,BUILT_UP,BUILT_UP,OSM_FEATURE_INTERSECTION,HIGH,way,91585872.0,Reliance Refinery,refinery,industrial,,,0.0,INDUSTRIAL_ASSOCIATED,INDUSTRIAL_ASSOCIATED,HIGH,VERY_HIGH,OSM industrial association + built-up WorldCover context,Thermal point intersects mapped industrial feature: Reliance Refinery; WorldCover=BUILT_UP,Thermal observation spatially associated with industrial infrastructure
EVT_20260804_0122,2026-08-04,2106,2106,1,1,N20,1.84,1.84,1.84,22.34027,69.85518,BUILT_UP,BUILT_UP,OSM_FEATURE_INTERSECTION,HIGH,way,91585872.0,Reliance Refinery,refinery,industrial,,,0.0,INDUSTRIAL_ASSOCIATED,INDUSTRIAL_ASSOCIATED,HIGH,VERY_HIGH,OSM industrial association + built-up WorldCover context,Thermal point intersects mapped industrial feature: Reliance Refinery; WorldCover=BUILT_UP,Thermal observation spatially associated with industrial infrastructure
EVT_20260809_0123,2026-08-09,2112,2112,1,1,N20,1.23,1.23,1.23,22.33785,69.86696,BUILT_UP,BUILT_UP,OSM_FEATURE_INTERSECTION,HIGH,way,91585872.0,Reliance Refinery,refinery,industrial,,,0.0,INDUSTRIAL_ASSOCIATED,INDUSTRIAL_ASSOCIATED,HIGH,VERY_HIGH,OSM industrial association + built-up WorldCover context,Thermal point intersects mapped industrial feature: Reliance Refinery; WorldCover=BUILT_UP,Thermal observation spatially associated with industrial infrastructure
EVT_20260809_0124,2026-08-09,2112,2112,1,1,N20,1.06,1.06,1.06,22.33982,69.85525,BUILT_UP,BUILT_UP,OSM_FEATURE_INTERSECTION,HIGH,way,91585872.0,Reliance Refinery,refinery,industrial,,,0.0,INDUSTRIAL_ASSOCIATED,INDUSTRIAL_ASSOCIATED,HIGH,VERY_HIGH,OSM industrial association + built-up WorldCover context,Thermal point intersects mapped industrial feature: Reliance Refinery; WorldCover=BUILT_UP,Thermal observation spatially associated with industrial infrastructure
EVT_20260814_0125,2026-08-14,2023,2023,1,1,N21,2.08,2.08,2.08,22.33806,69.85318,BUILT_UP,BUILT_UP,OSM_FEATURE_INTERSECTION,HIGH,way,91585872.0,Reliance Refinery,refinery,industrial,,,0.0,INDUSTRIAL_ASSOCIATED,INDUSTRIAL_ASSOCIATED,HIGH,VERY_HIGH,OSM industrial association + built-up WorldCover context,Thermal point intersects mapped industrial feature: Reliance Refinery; WorldCover=BUILT_UP,Thermal observation spatially associated with industrial infrastructure
EVT_20260824_0126,2026-08-24,2036,2131,7,2,"N20,N21",7.01,30.9,4.41,22.341883,69.867067,BARE_SPARSE_VEGETATION,OTHER,OSM_FEATURE_INTERSECTION,HIGH,way,91585872.0,Reliance Refinery,refinery,industrial,,,0.0,INDUSTRIAL_ASSOCIATED,INDUSTRIAL_ASSOCIATED,MEDIUM,HIGH,OSM industrial association; WorldCover context=OTHER,Thermal point intersects mapped industrial feature: Reliance Refinery; WorldCover=BARE_SPARSE_VEGETATION,Thermal observation spatially associated with industrial infrastructure
EVT_20260825_0127,2026-08-25,2112,2112,2,1,N20,3.06,5.25,2.62,22.340585,69.85508,BUILT_UP,BUILT_UP,OSM_FEATURE_INTERSECTION,HIGH,way,91585872.0,Reliance Refinery,refinery,industrial,,,0.0,INDUSTRIAL_ASSOCIATED,INDUSTRIAL_ASSOCIATED,HIGH,VERY_HIGH,OSM industrial association + built-up WorldCover context,Thermal point intersects mapped industrial feature: Reliance Refinery; WorldCover=BUILT_UP,Thermal observation spatially associated with industrial infrastructure
EVT_20260826_0128,2026-08-26,2053,2053,2,1,N20,1.49,2.9,1.45,22.321085,69.88206,BUILT_UP,BUILT_UP,OSM_FEATURE_INTERSECTION,HIGH,way,91585872.0,Reliance Refinery,refinery,industrial,,,0.0,INDUSTRIAL_ASSOCIATED,INDUSTRIAL_ASSOCIATED,HIGH,VERY_HIGH,OSM industrial association + built-up WorldCover context,Thermal point intersects mapped industrial feature: Reliance Refinery; WorldCover=BUILT_UP,Thermal observation spatially associated with industrial infrastructure
